meta_cluster_id,type,entity,category,group,representative_query,representative_query_masked,representative_expected_answer,representative_note,source_refined_cluster_ids,source_refined_cluster_count,cluster_size,member_queries,member_expected_answers,member_notes,action_signature,param_sensitive,meta_key,merge_profile
1,FMSA,Chiller,Knowledge Query,predictive,Are there any failure modes of Chiller 6 that can be predicted by monitoring the vibration sensor data?,are there any failure modes of chiller 6 that can be predicted by monitoring the vibration sensor data?,"the answer should contain one or more failure modes of Chiller 6. The failure modes of Chiller 6 need to be from the list ['Compressor Overheating: Failed due to Normal wear, overheating', 'Heat Exchangers: Fans: Degraded motor or worn bearing due to Normal use', 'Evaporator Water side fouling', 'Condenser Water side fouling', 'Condenser Improper water side flow rate', 'Purge Unit Excessive purge', 'Refrigerant Operated Control Valve Failed spring']",Source: Failure mode analysis requirements; Non-deterministic query allowing multiple valid responses; Category: Knowledge Query,[7],1,1,['Are there any failure modes of Chiller 6 that can be predicted by monitoring the vibration sensor data?'],"[""the answer should contain one or more failure modes of Chiller 6. The failure modes of Chiller 6 need to be from the list ['Compressor Overheating: Failed due to Normal wear, overheating', 'Heat Exchangers: Fans: Degraded motor or worn bearing due to Normal use', 'Evaporator Water side fouling', 'Condenser Water side fouling', 'Condenser Improper water side flow rate', 'Purge Unit Excessive purge', 'Refrigerant Operated Control Valve Failed spring']""]",['Source: Failure mode analysis requirements; Non-deterministic query allowing multiple valid responses; Category: Knowledge Query'],ASK_OTHER,False,"('FMSA', 'Chiller', 'Knowledge Query', 'predictive', 'ASK_OTHER', 'are there any failure modes of chiller <NUM> that can be predicted by monitoring the vibration sensor data?')",aggressive_template_collapse_v1
2,FMSA,Chiller,Knowledge Query,prescriptive,Generate a machine learning recipe for detecting overheating failure for Chiller 6. Result should include feature sensors and target sensor.,generate a machine learning recipe for detecting overheating failure for chiller 6. result should include feature sensors and target sensor.,the answer should be a machine learning recipe for detecting overheating failure for Chiller 6. the answer should include the sensors that can be used to detect the failure of overheating for Chiller 6,Source: Failure mode analysis requirements; Non-deterministic query allowing multiple valid responses; Category: Knowledge Query,[13],1,1,['Generate a machine learning recipe for detecting overheating failure for Chiller 6. Result should include feature sensors and target sensor.'],['the answer should be a machine learning recipe for detecting overheating failure for Chiller 6. the answer should include the sensors that can be used to detect the failure of overheating for Chiller 6'],['Source: Failure mode analysis requirements; Non-deterministic query allowing multiple valid responses; Category: Knowledge Query'],ASK_CREATE,False,"('FMSA', 'Chiller', 'Knowledge Query', 'prescriptive', 'ASK_CREATE', 'generate a machine learning recipe for detecting overheating failure for chiller <NUM>. result should include feature sensors and target sensor.')",aggressive_template_collapse_v1
3,FMSA,Chiller,Knowledge Query,prescriptive,"I want to build an anomaly model for identifying a chiller trip failure for POKMAIN chiller 6. Provide me a list of sensors that I should use, along with the temporal behavior,","i want to build an anomaly model for identifying a chiller trip failure for pokmain chiller 6. provide me a list of sensors that i should use, along with the temporal behavior,","the answer should contain how to build an anomaly model for identifying a chiller trip failure for POKMAIN chiller 6. The answer should include sensors that I should use, along with the temporal behavior,",Source: Failure mode analysis requirements; Non-deterministic query allowing multiple valid responses; Category: Knowledge Query,[17],1,1,"['I want to build an anomaly model for identifying a chiller trip failure for POKMAIN chiller 6. Provide me a list of sensors that I should use, along with the temporal behavior,']","['the answer should contain how to build an anomaly model for identifying a chiller trip failure for POKMAIN chiller 6. The answer should include sensors that I should use, along with the temporal behavior,']",['Source: Failure mode analysis requirements; Non-deterministic query allowing multiple valid responses; Category: Knowledge Query'],ASK_LIST,False,"('FMSA', 'Chiller', 'Knowledge Query', 'prescriptive', 'ASK_LIST', 'i want to build an anomaly model for identifying a chiller trip failure for pokmain chiller <NUM>. provide me a list of sensors that i should use, along with the temporal behavior,')",aggressive_template_collapse_v1
4,FMSA,Chiller,Knowledge Query,prescriptive," If compressor overheating occurs for Chiller 6, which sensor should be prioritized for monitoring this specific failure?","if compressor overheating occurs for chiller 6, which sensor should be prioritized for monitoring this specific failure?","the answer should contain one of more sensors of Chiller 6. The sensors of Chiller 6 need to be from the list [Chiller 6 Chiller % Loaded, Chiller 6 Chiller Efficiency, Chiller 6 Condenser Water Flow, Chiller 6 Condenser Water Return To Tower Temperature, Chiller 6 Liquid Refrigerant Evaporator Temperature, Chiller 6 Power Input, Chiller 6 Return Temperature, Chiller 6 Schedule, Chiller 6 Supply Temperature, Chiller 6 Tonnage.]",Source: Failure mode analysis requirements; Non-deterministic query allowing multiple valid responses; Category: Knowledge Query,[9],1,1,"[' If compressor overheating occurs for Chiller 6, which sensor should be prioritized for monitoring this specific failure?']","['the answer should contain one of more sensors of Chiller 6. The sensors of Chiller 6 need to be from the list [Chiller 6 Chiller % Loaded, Chiller 6 Chiller Efficiency, Chiller 6 Condenser Water Flow, Chiller 6 Condenser Water Return To Tower Temperature, Chiller 6 Liquid Refrigerant Evaporator Temperature, Chiller 6 Power Input, Chiller 6 Return Temperature, Chiller 6 Schedule, Chiller 6 Supply Temperature, Chiller 6 Tonnage.]']",['Source: Failure mode analysis requirements; Non-deterministic query allowing multiple valid responses; Category: Knowledge Query'],ASK_LIST,False,"('FMSA', 'Chiller', 'Knowledge Query', 'prescriptive', 'ASK_LIST', 'if compressor overheating occurs for chiller <NUM>, which sensor should be prioritized for monitoring this specific failure?')",aggressive_template_collapse_v1
5,FMSA,Chiller,Knowledge Query,retrospective,"Purge unit of chiller 6 have possibility to excess purge, what is the plan by the maintenance experts to early detect the failure?","purge unit of chiller 6 have possibility to excess purge, what is the plan by the maintenance experts to early detect the failure?",the answer should be a plan by the maintenance experts to early detect the failure of purge unit of chiller 6. the answer should include the sensors that can be used to detect the failure of purge unit of chiller 6,Source: Failure mode analysis requirements; Non-deterministic query allowing multiple valid responses; Category: Knowledge Query,[12],1,1,"['Purge unit of chiller 6 have possibility to excess purge, what is the plan by the maintenance experts to early detect the failure?']",['the answer should be a plan by the maintenance experts to early detect the failure of purge unit of chiller 6. the answer should include the sensors that can be used to detect the failure of purge unit of chiller 6'],['Source: Failure mode analysis requirements; Non-deterministic query allowing multiple valid responses; Category: Knowledge Query'],ASK_ANOMALY+ASK_LIST,False,"('FMSA', 'Chiller', 'Knowledge Query', 'retrospective', 'ASK_ANOMALY+ASK_LIST', 'purge unit of chiller <NUM> have possibility to excess purge, what is the plan by the maintenance experts to early detect the failure?')",aggressive_template_collapse_v1
6,FMSA,Chiller,Knowledge Query,retrospective," If Evaporator Water side fouling occurs for Chiller 6, which sensor is most relevant for monitoring this specific failure?","if evaporator water side fouling occurs for chiller 6, which sensor is most relevant for monitoring this specific failure?","the answer should contain one of more sensors of Chiller 6. The sensors of Chiller 6 need to be from the list [Chiller 6 Chiller % Loaded, Chiller 6 Chiller Efficiency, Chiller 6 Condenser Water Flow, Chiller 6 Condenser Water Return To Tower Temperature, Chiller 6 Liquid Refrigerant Evaporator Temperature, Chiller 6 Power Input, Chiller 6 Return Temperature, Chiller 6 Schedule, Chiller 6 Supply Temperature, Chiller 6 Tonnage.] ",Source: Failure mode analysis requirements; Non-deterministic query allowing multiple valid responses; Category: Knowledge Query,[10],1,1,"[' If Evaporator Water side fouling occurs for Chiller 6, which sensor is most relevant for monitoring this specific failure?']","['the answer should contain one of more sensors of Chiller 6. The sensors of Chiller 6 need to be from the list [Chiller 6 Chiller % Loaded, Chiller 6 Chiller Efficiency, Chiller 6 Condenser Water Flow, Chiller 6 Condenser Water Return To Tower Temperature, Chiller 6 Liquid Refrigerant Evaporator Temperature, Chiller 6 Power Input, Chiller 6 Return Temperature, Chiller 6 Schedule, Chiller 6 Supply Temperature, Chiller 6 Tonnage.] ']",['Source: Failure mode analysis requirements; Non-deterministic query allowing multiple valid responses; Category: Knowledge Query'],ASK_LIST,False,"('FMSA', 'Chiller', 'Knowledge Query', 'retrospective', 'ASK_LIST', 'if evaporator water side fouling occurs for chiller <NUM>, which sensor is most relevant for monitoring this specific failure?')",aggressive_template_collapse_v1
7,FMSA,Chiller,Knowledge Query,retrospective,List all failure modes of asset Chiller.,list all failure modes of asset chiller.,"The failure modes for Chiller are: ['Compressor Overheating: Failed due to Normal wear, overheating', 'Heat Exchangers: Fans: Degraded motor or worn bearing due to Normal use', 'Evaporator Water side fouling', 'Condenser Water side fouling', 'Condenser Improper water side flow rate', 'Purge Unit Excessive purge', 'Refrigerant Operated Control Valve Failed spring']",Source: Failure mode analysis requirements; Deterministic query with single correct answer; Category: Knowledge Query,[1],1,2,"['List all failure modes of asset Chiller.', 'List all failure modes of asset Chiller 6.']","[""The failure modes for Chiller are: ['Compressor Overheating: Failed due to Normal wear, overheating', 'Heat Exchangers: Fans: Degraded motor or worn bearing due to Normal use', 'Evaporator Water side fouling', 'Condenser Water side fouling', 'Condenser Improper water side flow rate', 'Purge Unit Excessive purge', 'Refrigerant Operated Control Valve Failed spring']"", ""The failure modes of asset Chiller 6 are: ['Compressor Overheating: Failed due to Normal wear, overheating', 'Heat Exchangers: Fans: Degraded motor or worn bearing due to Normal use', 'Evaporator Water side fouling', 'Condenser Water side fouling', 'Condenser Improper water side flow rate', 'Purge Unit Excessive purge', 'Refrigerant Operated Control Valve Failed spring']""]",['Source: Failure mode analysis requirements; Deterministic query with single correct answer; Category: Knowledge Query'],ASK_LIST,False,"('FMSA', 'Chiller', 'Knowledge Query', 'retrospective', 'ASK_LIST', 'list all failure modes of asset chiller.')",aggressive_template_collapse_v1
8,FMSA,Chiller,Knowledge Query,retrospective,List all failure modes of Chiller 6 that can be detected by Chiller 6 Supply Temperature.,list all failure modes of chiller 6 that can be detected by chiller 6 supply temperature.,"the answer should contain one or more failure modes of Chiller 6. The failure modes of Chiller 6 need to be from the list ['Compressor Overheating: Failed due to Normal wear, overheating', 'Heat Exchangers: Fans: Degraded motor or worn bearing due to Normal use', 'Evaporator Water side fouling', 'Condenser Water side fouling', 'Condenser Improper water side flow rate', 'Purge Unit Excessive purge', 'Refrigerant Operated Control Valve Failed spring']",Source: Failure mode analysis requirements; Non-deterministic query allowing multiple valid responses; Category: Knowledge Query,[3],1,1,['List all failure modes of Chiller 6 that can be detected by Chiller 6 Supply Temperature.'],"[""the answer should contain one or more failure modes of Chiller 6. The failure modes of Chiller 6 need to be from the list ['Compressor Overheating: Failed due to Normal wear, overheating', 'Heat Exchangers: Fans: Degraded motor or worn bearing due to Normal use', 'Evaporator Water side fouling', 'Condenser Water side fouling', 'Condenser Improper water side flow rate', 'Purge Unit Excessive purge', 'Refrigerant Operated Control Valve Failed spring']""]",['Source: Failure mode analysis requirements; Non-deterministic query allowing multiple valid responses; Category: Knowledge Query'],ASK_LIST,False,"('FMSA', 'Chiller', 'Knowledge Query', 'retrospective', 'ASK_LIST', 'list all failure modes of chiller <NUM> that can be detected by chiller <NUM> supply temperature.')",aggressive_template_collapse_v1
9,FMSA,Chiller,Knowledge Query,retrospective,List all failure modes of Chiller 6 that can be detected by temperature sensors and power input sensors.,list all failure modes of chiller 6 that can be detected by temperature sensors and power input sensors.,"the answer should contain one or more failure modes of Chiller 6. The failure modes of Chiller 6 need to be from the list ['Compressor Overheating: Failed due to Normal wear, overheating', 'Heat Exchangers: Fans: Degraded motor or worn bearing due to Normal use', 'Evaporator Water side fouling', 'Condenser Water side fouling', 'Condenser Improper water side flow rate', 'Purge Unit Excessive purge', 'Refrigerant Operated Control Valve Failed spring']",Source: Failure mode analysis requirements; Non-deterministic query allowing multiple valid responses; Category: Knowledge Query,[5],1,1,['List all failure modes of Chiller 6 that can be detected by temperature sensors and power input sensors.'],"[""the answer should contain one or more failure modes of Chiller 6. The failure modes of Chiller 6 need to be from the list ['Compressor Overheating: Failed due to Normal wear, overheating', 'Heat Exchangers: Fans: Degraded motor or worn bearing due to Normal use', 'Evaporator Water side fouling', 'Condenser Water side fouling', 'Condenser Improper water side flow rate', 'Purge Unit Excessive purge', 'Refrigerant Operated Control Valve Failed spring']""]",['Source: Failure mode analysis requirements; Non-deterministic query allowing multiple valid responses; Category: Knowledge Query'],ASK_LIST,False,"('FMSA', 'Chiller', 'Knowledge Query', 'retrospective', 'ASK_LIST', 'list all failure modes of chiller <NUM> that can be detected by temperature sensors and power input sensors.')",aggressive_template_collapse_v1
10,FMSA,Chiller,Knowledge Query,retrospective,List all failure modes of Chiller 6 that can be detected by temperature sensors.,list all failure modes of chiller 6 that can be detected by temperature sensors.,"the answer should contain one or more failure modes of Chiller 6. The failure modes of Chiller 6 need to be from the list ['Compressor Overheating: Failed due to Normal wear, overheating', 'Heat Exchangers: Fans: Degraded motor or worn bearing due to Normal use', 'Evaporator Water side fouling', 'Condenser Water side fouling', 'Condenser Improper water side flow rate', 'Purge Unit Excessive purge', 'Refrigerant Operated Control Valve Failed spring']",Source: Failure mode analysis requirements; Non-deterministic query allowing multiple valid responses; Category: Knowledge Query,[4],1,1,['List all failure modes of Chiller 6 that can be detected by temperature sensors.'],"[""the answer should contain one or more failure modes of Chiller 6. The failure modes of Chiller 6 need to be from the list ['Compressor Overheating: Failed due to Normal wear, overheating', 'Heat Exchangers: Fans: Degraded motor or worn bearing due to Normal use', 'Evaporator Water side fouling', 'Condenser Water side fouling', 'Condenser Improper water side flow rate', 'Purge Unit Excessive purge', 'Refrigerant Operated Control Valve Failed spring']""]",['Source: Failure mode analysis requirements; Non-deterministic query allowing multiple valid responses; Category: Knowledge Query'],ASK_LIST,False,"('FMSA', 'Chiller', 'Knowledge Query', 'retrospective', 'ASK_LIST', 'list all failure modes of chiller <NUM> that can be detected by temperature sensors.')",aggressive_template_collapse_v1
11,FMSA,Chiller,Knowledge Query,retrospective,List all installed sensors of asset Chiller 6.,list all installed sensors of asset chiller 6.,"The installed sensors of asset Chiller 6 are: Chiller 6 Chiller % Loaded, Chiller 6 Chiller Efficiency, Chiller 6 Condenser Water Flow, Chiller 6 Condenser Water Return To Tower Temperature, Chiller 6 Liquid Refrigerant Evaporator Temperature, Chiller 6 Power Input, Chiller 6 Return Temperature, Chiller 6 Schedule, Chiller 6 Supply Temperature, Chiller 6 Tonnage.",Source: Failure mode analysis requirements; Deterministic query with single correct answer; Category: Knowledge Query,[2],1,1,['List all installed sensors of asset Chiller 6.'],"['The installed sensors of asset Chiller 6 are: Chiller 6 Chiller % Loaded, Chiller 6 Chiller Efficiency, Chiller 6 Condenser Water Flow, Chiller 6 Condenser Water Return To Tower Temperature, Chiller 6 Liquid Refrigerant Evaporator Temperature, Chiller 6 Power Input, Chiller 6 Return Temperature, Chiller 6 Schedule, Chiller 6 Supply Temperature, Chiller 6 Tonnage.']",['Source: Failure mode analysis requirements; Deterministic query with single correct answer; Category: Knowledge Query'],ASK_LIST,False,"('FMSA', 'Chiller', 'Knowledge Query', 'retrospective', 'ASK_LIST', 'list all installed sensors of asset chiller <NUM>.')",aggressive_template_collapse_v1
12,FMSA,Chiller,Knowledge Query,retrospective,List all sensors of Chiller 6 that are potentially relevant to Compressor Overheating.,list all sensors of chiller 6 that are potentially relevant to compressor overheating.,"the answer should contain one or more failure modes of Chiller 6. The failure modes of Chiller 6 need to be from the list ['Compressor Overheating: Failed due to Normal wear, overheating', 'Heat Exchangers: Fans: Degraded motor or worn bearing due to Normal use', 'Evaporator Water side fouling', 'Condenser Water side fouling', 'Condenser Improper water side flow rate', 'Purge Unit Excessive purge', 'Refrigerant Operated Control Valve Failed spring']",Source: Failure mode analysis requirements; Non-deterministic query allowing multiple valid responses; Category: Knowledge Query,[8],1,1,['List all sensors of Chiller 6 that are potentially relevant to Compressor Overheating.'],"[""the answer should contain one or more failure modes of Chiller 6. The failure modes of Chiller 6 need to be from the list ['Compressor Overheating: Failed due to Normal wear, overheating', 'Heat Exchangers: Fans: Degraded motor or worn bearing due to Normal use', 'Evaporator Water side fouling', 'Condenser Water side fouling', 'Condenser Improper water side flow rate', 'Purge Unit Excessive purge', 'Refrigerant Operated Control Valve Failed spring']""]",['Source: Failure mode analysis requirements; Non-deterministic query allowing multiple valid responses; Category: Knowledge Query'],ASK_LIST,False,"('FMSA', 'Chiller', 'Knowledge Query', 'retrospective', 'ASK_LIST', 'list all sensors of chiller <NUM> that are potentially relevant to compressor overheating.')",aggressive_template_collapse_v1
13,FMSA,Chiller,Knowledge Query,retrospective,What are the failure modes of Chiller 6 that can be identified by analyzing the data from the available sensors?,what are the failure modes of chiller 6 that can be identified by analyzing the data from the available sensors?,"the answer should contain one or more failure modes of Chiller 6. The failure modes of Chiller 6 need to be from the list ['Compressor Overheating: Failed due to Normal wear, overheating', 'Heat Exchangers: Fans: Degraded motor or worn bearing due to Normal use', 'Evaporator Water side fouling', 'Condenser Water side fouling', 'Condenser Improper water side flow rate', 'Purge Unit Excessive purge', 'Refrigerant Operated Control Valve Failed spring']",Source: Failure mode analysis requirements; Non-deterministic query allowing multiple valid responses; Category: Knowledge Query,[11],1,1,['What are the failure modes of Chiller 6 that can be identified by analyzing the data from the available sensors?'],"[""the answer should contain one or more failure modes of Chiller 6. The failure modes of Chiller 6 need to be from the list ['Compressor Overheating: Failed due to Normal wear, overheating', 'Heat Exchangers: Fans: Degraded motor or worn bearing due to Normal use', 'Evaporator Water side fouling', 'Condenser Water side fouling', 'Condenser Improper water side flow rate', 'Purge Unit Excessive purge', 'Refrigerant Operated Control Valve Failed spring']""]",['Source: Failure mode analysis requirements; Non-deterministic query allowing multiple valid responses; Category: Knowledge Query'],ASK_LIST,False,"('FMSA', 'Chiller', 'Knowledge Query', 'retrospective', 'ASK_LIST', 'what are the failure modes of chiller <NUM> that can be identified by analyzing the data from the available sensors?')",aggressive_template_collapse_v1
14,FMSA,Chiller,Knowledge Query,retrospective,"When compressor motor of Chiller 6 fails, what is the temporal behavior of the power input?","when compressor motor of chiller 6 fails, what is the temporal behavior of the power input?",the answer should describe the temporal behavior of the power input of Chiller 6,Source: Failure mode analysis requirements; Non-deterministic query allowing multiple valid responses; Category: Knowledge Query,[14],1,1,"['When compressor motor of Chiller 6 fails, what is the temporal behavior of the power input?']",['the answer should describe the temporal behavior of the power input of Chiller 6'],['Source: Failure mode analysis requirements; Non-deterministic query allowing multiple valid responses; Category: Knowledge Query'],ASK_LIST,False,"('FMSA', 'Chiller', 'Knowledge Query', 'retrospective', 'ASK_LIST', 'when compressor motor of chiller <NUM> fails, what is the temporal behavior of the power input?')",aggressive_template_collapse_v1
15,FMSA,Chiller,Knowledge Query,retrospective,"When power input of Chiller 6 drops, what is the potential failure that causes it?","when power input of chiller 6 drops, what is the potential failure that causes it?","the answer should contain one or more failure modes of Chiller 6. The failure modes of Chiller 6 need to be from the list ['Compressor Overheating: Failed due to Normal wear, overheating', 'Heat Exchangers: Fans: Degraded motor or worn bearing due to Normal use', 'Evaporator Water side fouling', 'Condenser Water side fouling', 'Condenser Improper water side flow rate', 'Purge Unit Excessive purge', 'Refrigerant Operated Control Valve Failed spring']",Source: Failure mode analysis requirements; Non-deterministic query allowing multiple valid responses; Category: Knowledge Query,[15],1,1,"['When power input of Chiller 6 drops, what is the potential failure that causes it?']","[""the answer should contain one or more failure modes of Chiller 6. The failure modes of Chiller 6 need to be from the list ['Compressor Overheating: Failed due to Normal wear, overheating', 'Heat Exchangers: Fans: Degraded motor or worn bearing due to Normal use', 'Evaporator Water side fouling', 'Condenser Water side fouling', 'Condenser Improper water side flow rate', 'Purge Unit Excessive purge', 'Refrigerant Operated Control Valve Failed spring']""]",['Source: Failure mode analysis requirements; Non-deterministic query allowing multiple valid responses; Category: Knowledge Query'],ASK_LIST,False,"('FMSA', 'Chiller', 'Knowledge Query', 'retrospective', 'ASK_LIST', 'when power input of chiller <NUM> drops, what is the potential failure that causes it?')",aggressive_template_collapse_v1
16,FMSA,Chiller,Knowledge Query,retrospective,"When the Liquid Refrigerant Evaporator Temperature of Chiller 6 drops, what failure is most likely to occur?","when the liquid refrigerant evaporator temperature of chiller 6 drops, what failure is most likely to occur?","the answer should contain one or more failure modes of Chiller 6. The failure modes of Chiller 6 need to be from the list ['Compressor Overheating: Failed due to Normal wear, overheating', 'Heat Exchangers: Fans: Degraded motor or worn bearing due to Normal use', 'Evaporator Water side fouling', 'Condenser Water side fouling', 'Condenser Improper water side flow rate', 'Purge Unit Excessive purge', 'Refrigerant Operated Control Valve Failed spring']",Source: Failure mode analysis requirements; Non-deterministic query allowing multiple valid responses; Category: Knowledge Query,[16],1,1,"['When the Liquid Refrigerant Evaporator Temperature of Chiller 6 drops, what failure is most likely to occur?']","[""the answer should contain one or more failure modes of Chiller 6. The failure modes of Chiller 6 need to be from the list ['Compressor Overheating: Failed due to Normal wear, overheating', 'Heat Exchangers: Fans: Degraded motor or worn bearing due to Normal use', 'Evaporator Water side fouling', 'Condenser Water side fouling', 'Condenser Improper water side flow rate', 'Purge Unit Excessive purge', 'Refrigerant Operated Control Valve Failed spring']""]",['Source: Failure mode analysis requirements; Non-deterministic query allowing multiple valid responses; Category: Knowledge Query'],ASK_LIST,False,"('FMSA', 'Chiller', 'Knowledge Query', 'retrospective', 'ASK_LIST', 'when the liquid refrigerant evaporator temperature of chiller <NUM> drops, what failure is most likely to occur?')",aggressive_template_collapse_v1
17,FMSA,Chiller,Knowledge Query,retrospective,Get failure modes for Chiller 6 and only include in final response those that can be monitored using the available sensors.,get failure modes for chiller 6 and only include in final response those that can be monitored using the available sensors.,"the answer should contain one or more failure modes of Chiller 6. The failure modes of Chiller 6 need to be from the list ['Compressor Overheating: Failed due to Normal wear, overheating', 'Heat Exchangers: Fans: Degraded motor or worn bearing due to Normal use', 'Evaporator Water side fouling', 'Condenser Water side fouling', 'Condenser Improper water side flow rate', 'Purge Unit Excessive purge', 'Refrigerant Operated Control Valve Failed spring']",Source: Failure mode analysis requirements; Non-deterministic query allowing multiple valid responses; Category: Knowledge Query,[6],1,1,['Get failure modes for Chiller 6 and only include in final response those that can be monitored using the available sensors.'],"[""the answer should contain one or more failure modes of Chiller 6. The failure modes of Chiller 6 need to be from the list ['Compressor Overheating: Failed due to Normal wear, overheating', 'Heat Exchangers: Fans: Degraded motor or worn bearing due to Normal use', 'Evaporator Water side fouling', 'Condenser Water side fouling', 'Condenser Improper water side flow rate', 'Purge Unit Excessive purge', 'Refrigerant Operated Control Valve Failed spring']""]",['Source: Failure mode analysis requirements; Non-deterministic query allowing multiple valid responses; Category: Knowledge Query'],ASK_OTHER,False,"('FMSA', 'Chiller', 'Knowledge Query', 'retrospective', 'ASK_OTHER', 'get failure modes for chiller <NUM> and only include in final response those that can be monitored using the available sensors.')",aggressive_template_collapse_v1
18,FMSA,WindTurbine,Knowledge Query,retrospective,List all failure modes of asset Wind Turbine.,list all failure modes of asset wind turbine.,the answer should contain a list of meaningful failure modes for asset wind turbine.,Source: Failure mode analysis requirements; Non-deterministic query allowing multiple valid responses; Category: Knowledge Query,[18],1,1,['List all failure modes of asset Wind Turbine.'],['the answer should contain a list of meaningful failure modes for asset wind turbine.'],['Source: Failure mode analysis requirements; Non-deterministic query allowing multiple valid responses; Category: Knowledge Query'],ASK_LIST,False,"('FMSA', 'WindTurbine', 'Knowledge Query', 'retrospective', 'ASK_LIST', 'list all failure modes of asset wind turbine.')",aggressive_template_collapse_v1
19,FMSA,WindTurbine,Knowledge Query,retrospective,Provide some sensors of asset Wind Turbine.,provide some sensors of asset wind turbine.,the answer should contain a list of sensor names for asset wind turbine.,Source: Failure mode analysis requirements; Non-deterministic query allowing multiple valid responses; Category: Knowledge Query,[19],1,1,['Provide some sensors of asset Wind Turbine.'],['the answer should contain a list of sensor names for asset wind turbine.'],['Source: Failure mode analysis requirements; Non-deterministic query allowing multiple valid responses; Category: Knowledge Query'],ASK_OTHER,False,"('FMSA', 'WindTurbine', 'Knowledge Query', 'retrospective', 'ASK_OTHER', 'provide some sensors of asset wind turbine.')",aggressive_template_collapse_v1
20,IoT,AHU,Knowledge Query,retrospective,Can I list all the metrics monitored by CQPA AHU 2B? use site MAIN,can i list all the metrics monitored by cqpa ahu 2b? use site main,The expected response should be a list of all the metrics which may be obtained for asset CQPA AHU 2B? at the MAIN site.  The return value should be a reference to a file which lists the metrics.,Source: IoT data operations; Deterministic query with single correct answer; Category: Knowledge Query,[23],1,1,['Can I list all the metrics monitored by CQPA AHU 2B? use site MAIN'],['The expected response should be a list of all the metrics which may be obtained for asset CQPA AHU 2B? at the MAIN site.  The return value should be a reference to a file which lists the metrics.'],['Source: IoT data operations; Deterministic query with single correct answer; Category: Knowledge Query'],ASK_LIST,False,"('IoT', 'AHU', 'Knowledge Query', 'retrospective', 'ASK_LIST', 'can i list all the metrics monitored by cqpa ahu 2b? use site <SITE>')",aggressive_template_collapse_v1
21,IoT,AHU,Knowledge Query,retrospective,"What is the power consumption of CQPA AHU 1 on mar 13 '20, site MAIN?","what is the power consumption of cqpa ahu 1 on mar 13 '20, site main?","The expected response should be a list of the power consumption values for asset CQPA AHU 1 at the MAIN site for January 13, 2023, or the average power consumption for January 13, 2023.  The returned value should be a reference to a file, or else a single average power number.",Source: IoT data operations; Deterministic query with single correct answer; Category: Knowledge Query,[24],1,1,"[""What is the power consumption of CQPA AHU 1 on mar 13 '20, site MAIN?""]","['The expected response should be a list of the power consumption values for asset CQPA AHU 1 at the MAIN site for January 13, 2023, or the average power consumption for January 13, 2023.  The returned value should be a reference to a file, or else a single average power number.']",['Source: IoT data operations; Deterministic query with single correct answer; Category: Knowledge Query'],ASK_LIST,False,"('IoT', 'AHU', 'Knowledge Query', 'retrospective', 'ASK_LIST', ""what is the power consumption of cqpa ahu 1 on mar 13 '20, site <SITE>?"")",aggressive_template_collapse_v1
22,IoT,AHU,Knowledge Query,retrospective,What was the latest supply humidity from CQPA AHU 1 at site MAIN on sept 3 2015? return in a file,what was the latest supply humidity from cqpa ahu 1 at site main on sept 3 2015? return in a file,"The expected response should be the latest value for the supply humidity on asset CQPA AHU 1 at the MAIN site, on Septemer 3, 2015. The return value should reference a file containing the supply humidity data",Source: IoT data operations; Deterministic query with single correct answer; Category: Knowledge Query,[20],1,1,['What was the latest supply humidity from CQPA AHU 1 at site MAIN on sept 3 2015? return in a file'],"['The expected response should be the latest value for the supply humidity on asset CQPA AHU 1 at the MAIN site, on Septemer 3, 2015. The return value should reference a file containing the supply humidity data']",['Source: IoT data operations; Deterministic query with single correct answer; Category: Knowledge Query'],ASK_LIST,False,"('IoT', 'AHU', 'Knowledge Query', 'retrospective', 'ASK_LIST', 'what was the latest supply humidity from cqpa ahu 1 at site <SITE> on sept 3 2015? return in a file')",aggressive_template_collapse_v1
23,IoT,AHU,Knowledge Query,retrospective,"what was the return temperature from CQPA AHU 2B on sept 19, 2020 at 7pm, at site MAIN? return data in a file","what was the return temperature from cqpa ahu 2b on sept 19, 2020 at 7pm, at site main? return data in a file","The expected response should be the return temperature for asset CQPA AHU 2B at the MAIN site, for 7pm on September 19, 2015. The return value should reference a file that contains the return temperature.",Source: IoT data operations; Deterministic query with single correct answer; Category: Knowledge Query,[25],1,1,"['what was the return temperature from CQPA AHU 2B on sept 19, 2020 at 7pm, at site MAIN? return data in a file']","['The expected response should be the return temperature for asset CQPA AHU 2B at the MAIN site, for 7pm on September 19, 2015. The return value should reference a file that contains the return temperature.']",['Source: IoT data operations; Deterministic query with single correct answer; Category: Knowledge Query'],ASK_LIST,False,"('IoT', 'AHU', 'Knowledge Query', 'retrospective', 'ASK_LIST', 'what was the return temperature from cqpa ahu 2b on sept 19, 2020 at 7pm, at site <SITE>? return data in a file')",aggressive_template_collapse_v1
24,IoT,AHU,Knowledge Query,retrospective,"what was the supply temperature from CQPA AHU 2B on sept 19, 2020 at quarter to midnight, at site MAIN? return in a file","what was the supply temperature from cqpa ahu 2b on sept 19, 2020 at quarter to midnight, at site main? return in a file","The expected response should be the supply temperature from asset CQPA AHU 2B at 11:45pm on September 19, 2015.  The returned value should be a reference to a file containing the value",Source: IoT data operations; Deterministic query with single correct answer; Category: Knowledge Query,[21],1,1,"['what was the supply temperature from CQPA AHU 2B on sept 19, 2020 at quarter to midnight, at site MAIN? return in a file']","['The expected response should be the supply temperature from asset CQPA AHU 2B at 11:45pm on September 19, 2015.  The returned value should be a reference to a file containing the value']",['Source: IoT data operations; Deterministic query with single correct answer; Category: Knowledge Query'],ASK_LIST,False,"('IoT', 'AHU', 'Knowledge Query', 'retrospective', 'ASK_LIST', 'what was the supply temperature from cqpa ahu 2b on sept 19, 2020 at quarter to midnight, at site <SITE>? return in a file')",aggressive_template_collapse_v1
25,IoT,AHU,Knowledge Query,retrospective,how much power was CQPA AHU 1 (MAIN site) using on 6/14/20?,how much power was cqpa ahu 1 (main site) using on 6/14/20?,"The expected response should be either a list of power consumption values for asset CQPA AHU 1 at the MAIN site on June 14, 2016, or the average power consumption on June 14, 2016. The returned value should either be the average power consumption, or a reference to a file containing the power consumption values for the date June 14, 2016.",Source: IoT data operations; Deterministic query with single correct answer; Category: Knowledge Query,[22],1,1,['how much power was CQPA AHU 1 (MAIN site) using on 6/14/20?'],"['The expected response should be either a list of power consumption values for asset CQPA AHU 1 at the MAIN site on June 14, 2016, or the average power consumption on June 14, 2016. The returned value should either be the average power consumption, or a reference to a file containing the power consumption values for the date June 14, 2016.']",['Source: IoT data operations; Deterministic query with single correct answer; Category: Knowledge Query'],ASK_OTHER,False,"('IoT', 'AHU', 'Knowledge Query', 'retrospective', 'ASK_OTHER', 'how much power was cqpa ahu 1 (main site) using on 6/14/20?')",aggressive_template_collapse_v1
26,IoT,Chiller,Data Query,retrospective,Download all sensor data for Chiller 6 from the last week of April '20 at the MAIN site.,download all sensor data for chiller 6 from the last week of april '20 at the <site> site.,The expected response should be data from all sensors for asset 'Chiller 6' at the MAIN site for the past week.  The return value should reference a file containing all the sensor data,Source: IoT data operations; Deterministic query with single correct answer; Category: Data Query,[32],1,1,"[""Download all sensor data for Chiller 6 from the last week of April '20 at the MAIN site.""]","[""The expected response should be data from all sensors for asset 'Chiller 6' at the MAIN site for the past week.  The return value should reference a file containing all the sensor data""]",['Source: IoT data operations; Deterministic query with single correct answer; Category: Data Query'],ASK_OTHER,False,"('IoT', 'Chiller', 'Data Query', 'retrospective', 'ASK_OTHER', ""download all sensor data for chiller <NUM> from the last week of april '20 at the <site> site."")",aggressive_template_collapse_v1
27,IoT,Chiller,Data Query,retrospective,Download sensor data for Chiller 6's Tonnage from the last week of 2020 at the MAIN site,download sensor data for chiller 6's tonnage from the last week of 2020 at the <site> site,The expected response should be the tonnage data for last week of 2020 for 'Chiller 6' at the MAIN site. The response should be a reference to a file containing the list of tonnage values,Source: IoT data operations; Deterministic query with single correct answer; Category: Data Query,[29],1,1,"[""Download sensor data for Chiller 6's Tonnage from the last week of 2020 at the MAIN site""]","[""The expected response should be the tonnage data for last week of 2020 for 'Chiller 6' at the MAIN site. The response should be a reference to a file containing the list of tonnage values""]",['Source: IoT data operations; Deterministic query with single correct answer; Category: Data Query'],ASK_OTHER,False,"('IoT', 'Chiller', 'Data Query', 'retrospective', 'ASK_OTHER', ""download sensor data for chiller <NUM>'s tonnage from the last week of 2020 at the <site> site"")",aggressive_template_collapse_v1
28,IoT,Chiller,Data Query,retrospective,Download the metadata for Chiller 3 at the MAIN facility.,download the metadata for chiller 3 at the main facility.,"The expected response should be the metadata for asset 'Chiller 3' as the MAIN site.  The metadata may be in the return value, or the may be returned as a reference to a file containing the metadata",Source: IoT data operations; Deterministic query with single correct answer; Category: Data Query,[28],1,1,['Download the metadata for Chiller 3 at the MAIN facility.'],"[""The expected response should be the metadata for asset 'Chiller 3' as the MAIN site.  The metadata may be in the return value, or the may be returned as a reference to a file containing the metadata""]",['Source: IoT data operations; Deterministic query with single correct answer; Category: Data Query'],ASK_OTHER,False,"('IoT', 'Chiller', 'Data Query', 'retrospective', 'ASK_OTHER', 'download the metadata for chiller <NUM> at the main facility.')",aggressive_template_collapse_v1
29,IoT,Chiller,Data Query,retrospective,Get sensor data for both Chiller 6 and Chiller 9's Tonnage from first week of June 2020 at MAIN in a single file.,get sensor data for both chiller 6 and chiller 9's tonnage from first week of june 2020 at main in a single file.,The expected response should be the Tonnage values for both asset 'Chiller 6' and asset 'Chiller 9' at the MAIN site for last week. The values from both chillers should be merged into a single file. The return value should reference the file containing the merged Tonnage data from both chillers,Source: IoT data operations; Deterministic query with single correct answer; Category: Data Query,[31],1,1,"[""Get sensor data for both Chiller 6 and Chiller 9's Tonnage from first week of June 2020 at MAIN in a single file.""]","[""The expected response should be the Tonnage values for both asset 'Chiller 6' and asset 'Chiller 9' at the MAIN site for last week. The values from both chillers should be merged into a single file. The return value should reference the file containing the merged Tonnage data from both chillers""]",['Source: IoT data operations; Deterministic query with single correct answer; Category: Data Query'],ASK_OTHER,False,"('IoT', 'Chiller', 'Data Query', 'retrospective', 'ASK_OTHER', ""get sensor data for both chiller <NUM> and chiller <NUM>'s tonnage from first week of june 2020 at main in a single file."")",aggressive_template_collapse_v1
30,IoT,Chiller,Data Query,retrospective,Get the asset details for Chiller 9 at the MAIN site.,get the asset details for chiller 9 at the <site> site.,"The expected response should be the details for asset 'Chiller 9' at the MAIN site.  The details may be in the return value, or the may be returned as a reference to a file containing the details",Source: IoT data operations; Deterministic query with single correct answer; Category: Data Query,[27],1,1,['Get the asset details for Chiller 9 at the MAIN site.'],"[""The expected response should be the details for asset 'Chiller 9' at the MAIN site.  The details may be in the return value, or the may be returned as a reference to a file containing the details""]",['Source: IoT data operations; Deterministic query with single correct answer; Category: Data Query'],ASK_OTHER,False,"('IoT', 'Chiller', 'Data Query', 'retrospective', 'ASK_OTHER', 'get the asset details for chiller <NUM> at the <site> site.')",aggressive_template_collapse_v1
31,IoT,Chiller,Data Query,retrospective,Retrieve metadata for Chiller 6 located at the MAIN site.,retrieve metadata for chiller 6 located at the <site> site.,"The expected response should be the metadata for asset 'Chiller 6' at the MAIN site.  The metadata may be in the return value, or the may be returned as a reference to a file containing the metadata",Source: IoT data operations; Deterministic query with single correct answer; Category: Data Query,[26],1,1,['Retrieve metadata for Chiller 6 located at the MAIN site.'],"[""The expected response should be the metadata for asset 'Chiller 6' at the MAIN site.  The metadata may be in the return value, or the may be returned as a reference to a file containing the metadata""]",['Source: IoT data operations; Deterministic query with single correct answer; Category: Data Query'],ASK_OTHER,False,"('IoT', 'Chiller', 'Data Query', 'retrospective', 'ASK_OTHER', 'retrieve metadata for chiller <NUM> located at the <site> site.')",aggressive_template_collapse_v1
32,IoT,Chiller,Data Query,retrospective,Retrieve sensor data for Chiller 6 from June 2020.,retrieve sensor data for chiller 6 from june 2020.,"The expected response should be all sensor data for asset 'Chiller 6' for June 1, 2020 through June 30, 2020, inclusive. The return value should be a reference to a file containing all the sensor data.",Source: IoT data operations; Deterministic query with single correct answer; Category: Data Query,[33],1,1,['Retrieve sensor data for Chiller 6 from June 2020.'],"[""The expected response should be all sensor data for asset 'Chiller 6' for June 1, 2020 through June 30, 2020, inclusive. The return value should be a reference to a file containing all the sensor data.""]",['Source: IoT data operations; Deterministic query with single correct answer; Category: Data Query'],ASK_OTHER,False,"('IoT', 'Chiller', 'Data Query', 'retrospective', 'ASK_OTHER', 'retrieve sensor data for chiller <NUM> from june 2020.')",aggressive_template_collapse_v1
33,IoT,Chiller,Data Query,retrospective,Retrieve sensor data for Chiller 6's % Loaded from June 2020 at MAIN.,retrieve sensor data for chiller 6's % loaded from june 2020 at main.,"The expected response should be the % Loaded measurements for the asset 'Chiller 6' at the MAIN site. It should include all recorded values for June 1, 2020 througb June 30, 2020 inclusive. The response should be a reference to a file containing the % Loaded data",Source: IoT data operations; Deterministic query with single correct answer; Category: Data Query,[30],1,1,"[""Retrieve sensor data for Chiller 6's % Loaded from June 2020 at MAIN.""]","[""The expected response should be the % Loaded measurements for the asset 'Chiller 6' at the MAIN site. It should include all recorded values for June 1, 2020 througb June 30, 2020 inclusive. The response should be a reference to a file containing the % Loaded data""]",['Source: IoT data operations; Deterministic query with single correct answer; Category: Data Query'],ASK_OTHER,False,"('IoT', 'Chiller', 'Data Query', 'retrospective', 'ASK_OTHER', ""retrieve sensor data for chiller <NUM>'s % loaded from june 2020 at main."")",aggressive_template_collapse_v1
34,IoT,Chiller,Knowledge Query,retrospective,list all the chillers at site MAIN,list all the chillers at site main,The expected response should be a list of all chiller assets for the site MAIN.  The returned value should be a reference to a file containing the list of chiller assets.,Source: IoT data operations; Deterministic query with single correct answer; Category: Knowledge Query,[35],1,1,['list all the chillers at site MAIN'],['The expected response should be a list of all chiller assets for the site MAIN.  The returned value should be a reference to a file containing the list of chiller assets.'],['Source: IoT data operations; Deterministic query with single correct answer; Category: Knowledge Query'],ASK_LIST,False,"('IoT', 'Chiller', 'Knowledge Query', 'retrospective', 'ASK_LIST', 'list all the chillers at site <SITE>')",aggressive_template_collapse_v1
35,IoT,Chiller,Knowledge Query,retrospective,retrieve the supply temperature data recorded last week for Chiller 3 (MAIN site)?,retrieve the supply temperature data recorded last week for chiller 3 (main site)?,The expected response should be the supply temperature for asset Chiller 3 for the site MAIN for last week.  The returned value should be a reference to a file listing the supply temperatures.,Source: IoT data operations; Deterministic query with single correct answer; Category: Knowledge Query,[34],1,1,['retrieve the supply temperature data recorded last week for Chiller 3 (MAIN site)?'],['The expected response should be the supply temperature for asset Chiller 3 for the site MAIN for last week.  The returned value should be a reference to a file listing the supply temperatures.'],['Source: IoT data operations; Deterministic query with single correct answer; Category: Knowledge Query'],ASK_OTHER,False,"('IoT', 'Chiller', 'Knowledge Query', 'retrospective', 'ASK_OTHER', 'retrieve the supply temperature data recorded last week for chiller <NUM> (main site)?')",aggressive_template_collapse_v1
36,IoT,Equipment,Knowledge Query,retrospective,Which assets are located at the MAIN facility?,which assets are located at the main facility?,The expected response should be the return value from querying the assets at the MAIN site. The response should be a reference to a file containing the list of assets,Source: IoT data operations; Deterministic query with single correct answer; Category: Knowledge Query,[36],1,1,['Which assets are located at the MAIN facility?'],['The expected response should be the return value from querying the assets at the MAIN site. The response should be a reference to a file containing the list of assets'],['Source: IoT data operations; Deterministic query with single correct answer; Category: Knowledge Query'],ASK_LIST,False,"('IoT', 'Equipment', 'Knowledge Query', 'retrospective', 'ASK_LIST', 'which assets are located at the main facility?')",aggressive_template_collapse_v1
37,IoT,Site,Knowledge Query,retrospective,Can you list the IoT sites?,can you list the iot sites?,"The expected response should be the return value of all sites, either as text or as a reference to a file",Source: IoT data operations; Deterministic query with single correct answer; Category: Knowledge Query,[38],1,1,['Can you list the IoT sites?'],"['The expected response should be the return value of all sites, either as text or as a reference to a file']",['Source: IoT data operations; Deterministic query with single correct answer; Category: Knowledge Query'],ASK_LIST,False,"('IoT', 'Site', 'Knowledge Query', 'retrospective', 'ASK_LIST', 'can you list the iot site <SITE>?')",aggressive_template_collapse_v1
38,IoT,Site,Knowledge Query,retrospective,What assets can be found at the MAIN site?,what assets can be found at the <site> site?,The expected response should be the return value from querying the assets at the MAIN site. The response should be a reference to a file containing the list of assets,Source: IoT data operations; Deterministic query with single correct answer; Category: Knowledge Query,[39],1,1,['What assets can be found at the MAIN site?'],['The expected response should be the return value from querying the assets at the MAIN site. The response should be a reference to a file containing the list of assets'],['Source: IoT data operations; Deterministic query with single correct answer; Category: Knowledge Query'],ASK_LIST,False,"('IoT', 'Site', 'Knowledge Query', 'retrospective', 'ASK_LIST', 'what assets can be found at the <site> site?')",aggressive_template_collapse_v1
39,IoT,Site,Knowledge Query,retrospective,What IoT sites are available?,what iot sites are available?,"The expected response should be the return value of all sites, either as text or as a reference to a file",Source: IoT data operations; Deterministic query with single correct answer; Category: Knowledge Query,[37],1,1,['What IoT sites are available?'],"['The expected response should be the return value of all sites, either as text or as a reference to a file']",['Source: IoT data operations; Deterministic query with single correct answer; Category: Knowledge Query'],ASK_LIST,False,"('IoT', 'Site', 'Knowledge Query', 'retrospective', 'ASK_LIST', 'what iot site <SITE> are available?')",aggressive_template_collapse_v1
40,TSFM,Chiller,Anomaly Detection Query,predictive,I need to perform Time Series anomaly detection of 'Chiller 9 Condenser Water Flow' using data in chiller9_tsad.csv,i need to perform time series anomaly detection of 'chiller 9 condenser water flow' using data in chiller9_tsad.csv,The anomaly detection results are stored in file data/tsfm_test_data/tsad_conformal.csv,Source: Time series forecasting needs; Deterministic query with single correct answer; Category: Anomaly Detection Query,[40],1,1,"[""I need to perform Time Series anomaly detection of 'Chiller 9 Condenser Water Flow' using data in chiller9_tsad.csv""]",['The anomaly detection results are stored in file data/tsfm_test_data/tsad_conformal.csv'],['Source: Time series forecasting needs; Deterministic query with single correct answer; Category: Anomaly Detection Query'],ASK_OTHER,False,"('TSFM', 'Chiller', 'Anomaly Detection Query', 'predictive', 'ASK_OTHER', ""i need to perform time series anomaly detection of 'chiller <NUM> condenser water flow' using data in chiller9_tsad.csv"")",aggressive_template_collapse_v1
41,TSFM,Chiller,Complex Query,retrospective,Find and run several methods to analyze data sensor 'Chiller 9 Condenser Water Flow' using data in 'data/tsfm_test_data/chiller9_tsad-small.csv'.,find and run several methods to analyze data sensor 'chiller 9 condenser water flow' using data in 'data/tsfm_test_data/chiller9_tsad-small.csv'.,The forecasting results for 'Chiller 9 Condenser Water Flow' using data in 'data/tsfm_test_data/chiller9_annotated_small_test.csv' are available in the json file and results of anomaly detection are stored in a csv file,Source: Time series forecasting needs; Deterministic query with single correct answer; Category: Complex Query,[41],1,1,"[""Find and run several methods to analyze data sensor 'Chiller 9 Condenser Water Flow' using data in 'data/tsfm_test_data/chiller9_tsad-small.csv'.""]","[""The forecasting results for 'Chiller 9 Condenser Water Flow' using data in 'data/tsfm_test_data/chiller9_annotated_small_test.csv' are available in the json file and results of anomaly detection are stored in a csv file""]",['Source: Time series forecasting needs; Deterministic query with single correct answer; Category: Complex Query'],ASK_OTHER,False,"('TSFM', 'Chiller', 'Complex Query', 'retrospective', 'ASK_OTHER', ""find and run several methods to analyze data sensor 'chiller <NUM> condenser water flow' using data in 'data/tsfm_test_data/chiller9_tsad-small.csv'."")",aggressive_template_collapse_v1
42,TSFM,Chiller,Inference Query,predictive,"Forecast 'Chiller 9 Condenser Water Flow' using data in 'chiller9_annotated_small_test.csv'. Use parameter 'Timestamp' as a timestamp. Use the following parameters as inputs 'Chiller 9 Liquid Refrigerant Evaporator Temperature,Chiller 9 Return Temperature,Chiller 9 Tonnage,Chiller 9 Setpoint Temperature,Chiller 9 Supply Temperature,Chiller 9 Chiller % Loaded,Chiller 9 Condenser Water Supply To Chiller Temperature,Chiller 9 Power Input,Chiller 9 Chiller Efficiency'","forecast 'chiller 9 condenser water flow' using data in 'chiller9_annotated_small_test.csv'. use parameter 'timestamp' as a timestamp. use the following parameters as inputs 'chiller 9 liquid refrigerant evaporator temperature,chiller 9 return temperature,chiller 9 tonnage,chiller 9 setpoint temperature,chiller 9 supply temperature,chiller 9 chiller % loaded,chiller 9 condenser water supply to chiller temperature,chiller 9 power input,chiller 9 chiller efficiency'",The expected response should be: Forecasting results of 'Chiller 9 Condenser Water Flow' using data in 'chiller9_annotated_small_test.csv' are stored in json file,Source: Time series forecasting needs; Deterministic query with single correct answer; Category: Inference Query,[42],1,2,"[""Forecast 'Chiller 9 Condenser Water Flow' using data in 'chiller9_annotated_small_test.csv'. Use parameter 'Timestamp' as a timestamp. Use the following parameters as inputs 'Chiller 9 Liquid Refrigerant Evaporator Temperature,Chiller 9 Return Temperature,Chiller 9 Tonnage,Chiller 9 Setpoint Temperature,Chiller 9 Supply Temperature,Chiller 9 Chiller % Loaded,Chiller 9 Condenser Water Supply To Chiller Temperature,Chiller 9 Power Input,Chiller 9 Chiller Efficiency'"", ""Forecast 'Chiller 9 Condenser Water Flow' using data in 'chiller9_annotated_small_test.csv'. Use the following parameters as inputs 'Chiller 9 Liquid Refrigerant Evaporator Temperature,Chiller 9 Return Temperature,Chiller 9 Tonnage,Chiller 9 Setpoint Temperature,Chiller 9 Supply Temperature,Chiller 9 Chiller % Loaded,Chiller 9 Condenser Water Supply To Chiller Temperature,Chiller 9 Power Input,Chiller 9 Chiller Efficiency'""]","[""The expected response should be: Forecasting results of 'Chiller 9 Condenser Water Flow' using data in 'chiller9_annotated_small_test.csv' are stored in json file""]",['Source: Time series forecasting needs; Deterministic query with single correct answer; Category: Inference Query'],ASK_PREDICT,True,"('TSFM', 'Chiller', 'Inference Query', 'predictive', 'ASK_PREDICT', 'PARAM_LOCK', 42)",aggressive_template_collapse_v1
43,TSFM,Chiller,Inference Query,predictive,Forecast 'Chiller 9 Condenser Water Flow' using data in 'chiller9_annotated_small_test.csv'. Use parameter 'Timestamp' as a timestamp.,forecast 'chiller 9 condenser water flow' using data in 'chiller9_annotated_small_test.csv'. use parameter 'timestamp' as a timestamp.,The expected response should be: Forecasting results of 'Chiller 9 Condenser Water Flow' using data in 'chiller9_annotated_small_test.csv' are stored in json file,Source: Time series forecasting needs; Deterministic query with single correct answer; Category: Inference Query,[43],1,1,"[""Forecast 'Chiller 9 Condenser Water Flow' using data in 'chiller9_annotated_small_test.csv'. Use parameter 'Timestamp' as a timestamp.""]","[""The expected response should be: Forecasting results of 'Chiller 9 Condenser Water Flow' using data in 'chiller9_annotated_small_test.csv' are stored in json file""]",['Source: Time series forecasting needs; Deterministic query with single correct answer; Category: Inference Query'],ASK_PREDICT,True,"('TSFM', 'Chiller', 'Inference Query', 'predictive', 'ASK_PREDICT', 'PARAM_LOCK', 43)",aggressive_template_collapse_v1
44,TSFM,Chiller,Inference Query,predictive,Use data in 'chiller9_annotated_small_test.csv' to forecast 'Chiller 9 Condenser Water Flow' with 'Timestamp' as a timestamp.,use data in 'chiller9_annotated_small_test.csv' to forecast 'chiller 9 condenser water flow' with 'timestamp' as a timestamp.,The expected response should be: Forecasting results of 'Chiller 9 Condenser Water Flow' using data in 'chiller9_annotated_small_test.csv' are stored in json file,Source: Time series forecasting needs; Deterministic query with single correct answer; Category: Inference Query,[44],1,1,"[""Use data in 'chiller9_annotated_small_test.csv' to forecast 'Chiller 9 Condenser Water Flow' with 'Timestamp' as a timestamp.""]","[""The expected response should be: Forecasting results of 'Chiller 9 Condenser Water Flow' using data in 'chiller9_annotated_small_test.csv' are stored in json file""]",['Source: Time series forecasting needs; Deterministic query with single correct answer; Category: Inference Query'],ASK_PREDICT,True,"('TSFM', 'Chiller', 'Inference Query', 'predictive', 'ASK_PREDICT', 'PARAM_LOCK', 44)",aggressive_template_collapse_v1
45,TSFM,Chiller,Tuning Query,predictive,Finetune a forecasting model for 'Chiller 9 Condenser Water Flow' using data in 'chiller9_finetuning_small.csv' with 'Timestamp' as a timestamp.,finetune a forecasting model for 'chiller 9 condenser water flow' using data in 'chiller9_finetuning_small.csv' with 'timestamp' as a timestamp.,The finetuned forecasting model is saved in save_model_dir=tunedmodels with result stored in results_file. Results are saved: {%JSON_RESULT},Source: Time series forecasting needs; Deterministic query with single correct answer; Category: Tuning Query,[45],1,2,"[""Finetune a forecasting model for 'Chiller 9 Condenser Water Flow' using data in 'chiller9_finetuning_small.csv' with 'Timestamp' as a timestamp."", ""Finetune a forecasting model for 'Chiller 9 Condenser Water Flow' using data in 'chiller9_finetuning_small.csv' with 'Timestamp' as a timestamp. Use 1% of data for tuning""]",['The finetuned forecasting model is saved in save_model_dir=tunedmodels with result stored in results_file. Results are saved: {%JSON_RESULT}'],['Source: Time series forecasting needs; Deterministic query with single correct answer; Category: Tuning Query'],ASK_OTHER,False,"('TSFM', 'Chiller', 'Tuning Query', 'predictive', 'ASK_OTHER', ""finetune a forecasting model for 'chiller <NUM> condenser water flow' using data in 'chiller9_finetuning_small.csv' with 'timestamp' as a timestamp."")",aggressive_template_collapse_v1
46,TSFM,Equipment,Knowledge Query,predictive,What are time series pretrained models are available in system?,what are time series pretrained models are available in system?,"The expected response should be: The available pretrained models are [{model_id:'ttm_96_28', model_checkpoint:'data/tsfm_test_data/ttm_96_28', model_description:'Pretrained forecasting model with context length 96'},{model_id:'ttm_512_96', model_checkpoint:'data/tsfm_test_data/ttm_512_96', model_description:'Pretrained forecasting model with context length 512'},{model_id:'ttm_energy_96_28', model_checkpoint:'data/tsfm_test_data/ttm_energy_96_28', model_description:'Pretrained forecasting model tuned on energy data with context length 96'},{model_id:'ttm_energy_512_96', model_checkpoint:'data/tsfm_test_data/ttm_energy_512_96', model_description:'Pretrained forecasting model tuned on energy data with context length 512'}]",Source: Time series forecasting needs; Deterministic query with single correct answer; Category: Knowledge Query,[47],1,1,['What are time series pretrained models are available in system?'],"[""The expected response should be: The available pretrained models are [{model_id:'ttm_96_28', model_checkpoint:'data/tsfm_test_data/ttm_96_28', model_description:'Pretrained forecasting model with context length 96'},{model_id:'ttm_512_96', model_checkpoint:'data/tsfm_test_data/ttm_512_96', model_description:'Pretrained forecasting model with context length 512'},{model_id:'ttm_energy_96_28', model_checkpoint:'data/tsfm_test_data/ttm_energy_96_28', model_description:'Pretrained forecasting model tuned on energy data with context length 96'},{model_id:'ttm_energy_512_96', model_checkpoint:'data/tsfm_test_data/ttm_energy_512_96', model_description:'Pretrained forecasting model tuned on energy data with context length 512'}]""]",['Source: Time series forecasting needs; Deterministic query with single correct answer; Category: Knowledge Query'],ASK_LIST,False,"('TSFM', 'Equipment', 'Knowledge Query', 'predictive', 'ASK_LIST', 'what are time series pretrained models are available in system?')",aggressive_template_collapse_v1
47,TSFM,Equipment,Knowledge Query,predictive,Find a model for energy forecasting with context length 96 and nothing else.,find a model for energy forecasting with context length 96 and nothing else.,The expected response should be: ttm_energy_96_28,Source: Time series forecasting needs; Deterministic query with single correct answer; Category: Knowledge Query,[57],1,1,['Find a model for energy forecasting with context length 96 and nothing else.'],['The expected response should be: ttm_energy_96_28'],['Source: Time series forecasting needs; Deterministic query with single correct answer; Category: Knowledge Query'],ASK_OTHER,True,"('TSFM', 'Equipment', 'Knowledge Query', 'predictive', 'ASK_OTHER', 'PARAM_LOCK', 57)",aggressive_template_collapse_v1
48,TSFM,Equipment,Knowledge Query,predictive,Does TSFM support time series regression tasks or any model for forecasting with context length 1024?,does tsfm support time series regression tasks or any model for forecasting with context length 1024?,The expected response should be: TSFM does not support regression and there is no model with context length 1024,Source: Time series forecasting needs; Deterministic query with single correct answer; Category: Knowledge Query,[60],1,1,['Does TSFM support time series regression tasks or any model for forecasting with context length 1024?'],['The expected response should be: TSFM does not support regression and there is no model with context length 1024'],['Source: Time series forecasting needs; Deterministic query with single correct answer; Category: Knowledge Query'],ASK_OTHER,True,"('TSFM', 'Equipment', 'Knowledge Query', 'predictive', 'ASK_OTHER', 'PARAM_LOCK', 60)",aggressive_template_collapse_v1
49,TSFM,Equipment,Knowledge Query,predictive,Are any time series forecasting models supported?,are any time series forecasting models supported?,"The expected response should be: Yes, several time series forecasting models are supported.",Source: Time series forecasting needs; Deterministic query with single correct answer; Category: Knowledge Query,[48],1,1,['Are any time series forecasting models supported?'],"['The expected response should be: Yes, several time series forecasting models are supported.']",['Source: Time series forecasting needs; Deterministic query with single correct answer; Category: Knowledge Query'],ASK_OTHER,False,"('TSFM', 'Equipment', 'Knowledge Query', 'predictive', 'ASK_OTHER', 'are any time series forecasting models supported?')",aggressive_template_collapse_v1
50,TSFM,Equipment,Knowledge Query,predictive,Find a model for energy forecasting.,find a model for energy forecasting.,"The expected response should be: [{model_id:'ttm_energy_96_28', model_checkpoint:'data/tsfm_test_data/ttm_energy_96_28', model_description:'Pretrained forecasting model tuned on energy data with context length 96'}, {model_id:'ttm_energy_512_96', model_checkpoint:'data/tsfm_test_data/ttm_energy_512_96', model_description:'Pretrained forecasting model tuned on energy data with context length 512'}]",Source: Time series forecasting needs; Deterministic query with single correct answer; Category: Knowledge Query,[56],1,1,['Find a model for energy forecasting.'],"[""The expected response should be: [{model_id:'ttm_energy_96_28', model_checkpoint:'data/tsfm_test_data/ttm_energy_96_28', model_description:'Pretrained forecasting model tuned on energy data with context length 96'}, {model_id:'ttm_energy_512_96', model_checkpoint:'data/tsfm_test_data/ttm_energy_512_96', model_description:'Pretrained forecasting model tuned on energy data with context length 512'}]""]",['Source: Time series forecasting needs; Deterministic query with single correct answer; Category: Knowledge Query'],ASK_OTHER,False,"('TSFM', 'Equipment', 'Knowledge Query', 'predictive', 'ASK_OTHER', 'find a model for energy forecasting.')",aggressive_template_collapse_v1
51,TSFM,Equipment,Knowledge Query,predictive,Is Anomaly Detection supported in TSFM?,is anomaly detection supported in tsfm?,"The expected response should be: Yes, anomaly detection is supported in TSFM.",Source: Time series forecasting needs; Deterministic query with single correct answer; Category: Knowledge Query,[52],1,1,['Is Anomaly Detection supported in TSFM?'],"['The expected response should be: Yes, anomaly detection is supported in TSFM.']",['Source: Time series forecasting needs; Deterministic query with single correct answer; Category: Knowledge Query'],ASK_OTHER,False,"('TSFM', 'Equipment', 'Knowledge Query', 'predictive', 'ASK_OTHER', 'is anomaly detection supported in tsfm?')",aggressive_template_collapse_v1
52,TSFM,Equipment,Knowledge Query,retrospective,How many models with context length exactly 96 are supported?,how many models with context length exactly 96 are supported?,The expected response should be: There are 2 models with a context length of 96,Source: Time series forecasting needs; Deterministic query with single correct answer; Category: Knowledge Query,[59],1,1,['How many models with context length exactly 96 are supported?'],['The expected response should be: There are 2 models with a context length of 96'],['Source: Time series forecasting needs; Deterministic query with single correct answer; Category: Knowledge Query'],ASK_COUNT,True,"('TSFM', 'Equipment', 'Knowledge Query', 'retrospective', 'ASK_COUNT', 'PARAM_LOCK', 59)",aggressive_template_collapse_v1
53,TSFM,Equipment,Knowledge Query,retrospective,What types of time series analysis are supported?,what types of time series analysis are supported?,"The expected response should be: the available AI tasks are [{task_id:'tsfm_integrated_tsad',task_description:'Time series Anomaly detection'},{task_id:'tsfm_forecasting',task_description:'Time series Multivariate Forecasting'},{task_id:'tsfm_forecasting_tune',task_description:'Finetuning of Multivariate Forecasting models'},{task_id:'tsfm_forecasting_evaluation',task_description:'Evaluation of Forecasting models'}]",Source: Time series forecasting needs; Deterministic query with single correct answer; Category: Knowledge Query,[46],1,1,['What types of time series analysis are supported?'],"[""The expected response should be: the available AI tasks are [{task_id:'tsfm_integrated_tsad',task_description:'Time series Anomaly detection'},{task_id:'tsfm_forecasting',task_description:'Time series Multivariate Forecasting'},{task_id:'tsfm_forecasting_tune',task_description:'Finetuning of Multivariate Forecasting models'},{task_id:'tsfm_forecasting_evaluation',task_description:'Evaluation of Forecasting models'}]""]",['Source: Time series forecasting needs; Deterministic query with single correct answer; Category: Knowledge Query'],ASK_LIST,False,"('TSFM', 'Equipment', 'Knowledge Query', 'retrospective', 'ASK_LIST', 'what types of time series analysis are supported?')",aggressive_template_collapse_v1
54,TSFM,Equipment,Knowledge Query,retrospective,Is any model with context length 96 supported in TSFM?,is any model with context length 96 supported in tsfm?,"The expected response should be: Yes, there is a model with context length 96",Source: Time series forecasting needs; Deterministic query with single correct answer; Category: Knowledge Query,[54],1,1,['Is any model with context length 96 supported in TSFM?'],"['The expected response should be: Yes, there is a model with context length 96']",['Source: Time series forecasting needs; Deterministic query with single correct answer; Category: Knowledge Query'],ASK_OTHER,True,"('TSFM', 'Equipment', 'Knowledge Query', 'retrospective', 'ASK_OTHER', 'PARAM_LOCK', 54)",aggressive_template_collapse_v1
55,TSFM,Equipment,Knowledge Query,retrospective,Is any model with context length 1024 supported in TSFM?,is any model with context length 1024 supported in tsfm?,"The expected response should be: No, there is no model with context length 1024",Source: Time series forecasting needs; Deterministic query with single correct answer; Category: Knowledge Query,[55],1,1,['Is any model with context length 1024 supported in TSFM?'],"['The expected response should be: No, there is no model with context length 1024']",['Source: Time series forecasting needs; Deterministic query with single correct answer; Category: Knowledge Query'],ASK_OTHER,True,"('TSFM', 'Equipment', 'Knowledge Query', 'retrospective', 'ASK_OTHER', 'PARAM_LOCK', 55)",aggressive_template_collapse_v1
56,TSFM,Equipment,Knowledge Query,retrospective,Find all models with context length 96.,find all models with context length 96.,"The expected response should be: [{model_id:'ttm_96_28', model_checkpoint:'data/tsfm_test_data/ttm_96_28', model_description:'Pretrained forecasting model with context length 96'}, {model_id:'ttm_energy_96_28', model_checkpoint:'data/tsfm_test_data/ttm_energy_96_28', model_description:'Pretrained forecasting model tuned on energy data with context length 96'}]",Source: Time series forecasting needs; Deterministic query with single correct answer; Category: Knowledge Query,[58],1,1,['Find all models with context length 96.'],"[""The expected response should be: [{model_id:'ttm_96_28', model_checkpoint:'data/tsfm_test_data/ttm_96_28', model_description:'Pretrained forecasting model with context length 96'}, {model_id:'ttm_energy_96_28', model_checkpoint:'data/tsfm_test_data/ttm_energy_96_28', model_description:'Pretrained forecasting model tuned on energy data with context length 96'}]""]",['Source: Time series forecasting needs; Deterministic query with single correct answer; Category: Knowledge Query'],ASK_OTHER,True,"('TSFM', 'Equipment', 'Knowledge Query', 'retrospective', 'ASK_OTHER', 'PARAM_LOCK', 58)",aggressive_template_collapse_v1
57,TSFM,Equipment,Knowledge Query,retrospective,Is Chronos model supported in TSFM?,is chronos model supported in tsfm?,"The expected response should be: No, Chronos is not supported",Source: Time series forecasting needs; Deterministic query with single correct answer; Category: Knowledge Query,[51],1,1,['Is Chronos model supported in TSFM?'],"['The expected response should be: No, Chronos is not supported']",['Source: Time series forecasting needs; Deterministic query with single correct answer; Category: Knowledge Query'],ASK_OTHER,False,"('TSFM', 'Equipment', 'Knowledge Query', 'retrospective', 'ASK_OTHER', 'is chronos model supported in tsfm?')",aggressive_template_collapse_v1
58,TSFM,Equipment,Knowledge Query,retrospective,Is LSTM model supported in TSFM?,is lstm model supported in tsfm?,The expected response should be: LSTM model is not supported.,Source: Time series forecasting needs; Deterministic query with single correct answer; Category: Knowledge Query,[50],1,1,['Is LSTM model supported in TSFM?'],['The expected response should be: LSTM model is not supported.'],['Source: Time series forecasting needs; Deterministic query with single correct answer; Category: Knowledge Query'],ASK_OTHER,False,"('TSFM', 'Equipment', 'Knowledge Query', 'retrospective', 'ASK_OTHER', 'is lstm model supported in tsfm?')",aggressive_template_collapse_v1
59,TSFM,Equipment,Knowledge Query,retrospective,Is Time Series Classification supported in TSFM?,is time series classification supported in tsfm?,The expected response should be: Time Series Classification is not supported in TSFM,Source: Time series forecasting needs; Deterministic query with single correct answer; Category: Knowledge Query,[53],1,1,['Is Time Series Classification supported in TSFM?'],['The expected response should be: Time Series Classification is not supported in TSFM'],['Source: Time series forecasting needs; Deterministic query with single correct answer; Category: Knowledge Query'],ASK_OTHER,False,"('TSFM', 'Equipment', 'Knowledge Query', 'retrospective', 'ASK_OTHER', 'is time series classification supported in tsfm?')",aggressive_template_collapse_v1
60,TSFM,Equipment,Knowledge Query,retrospective,"Is TTM (Tiny Time Mixture), a time series model supported?","is ttm (tiny time mixture), a time series model supported?","The expected response should be: Yes, several TTM models are supported",Source: Time series forecasting needs; Deterministic query with single correct answer; Category: Knowledge Query,[49],1,1,"['Is TTM (Tiny Time Mixture), a time series model supported?']","['The expected response should be: Yes, several TTM models are supported']",['Source: Time series forecasting needs; Deterministic query with single correct answer; Category: Knowledge Query'],ASK_OTHER,False,"('TSFM', 'Equipment', 'Knowledge Query', 'retrospective', 'ASK_OTHER', 'is ttm (tiny time mixture), a time series model supported?')",aggressive_template_collapse_v1
61,Workorder,Chiller,Decision Support,prescriptive,I am using historical work order information upto end of June 2020 for prioritizing maintenance. Which work orders should I prioritize first for Chiller 9 with equipment ID CWC04009 in July 2020?,i am using historical work order information upto end of june 2020 for prioritizing maintenance. which work orders should i prioritize first for chiller 9 with equipment id cwc04009 in july 2020?,The output will be zeor or more the primilar failure codes recommendaed as possible work orders with priorities. Use historical work order data up to June 2020 to prioritize the most urgent work orders for Chiller 9 (CWC04009) in July 2020.,Source: Maintenance operations; Non-deterministic query allowing multiple valid responses; Category: Decision Support,[65],1,1,['I am using historical work order information upto end of June 2020 for prioritizing maintenance. Which work orders should I prioritize first for Chiller 9 with equipment ID CWC04009 in July 2020?'],['The output will be zeor or more the primilar failure codes recommendaed as possible work orders with priorities. Use historical work order data up to June 2020 to prioritize the most urgent work orders for Chiller 9 (CWC04009) in July 2020.'],['Source: Maintenance operations; Non-deterministic query allowing multiple valid responses; Category: Decision Support'],ASK_LIST+ASK_WORKORDER,False,"('Workorder', 'Chiller', 'Decision Support', 'prescriptive', 'ASK_LIST+ASK_WORKORDER', 'i am using historical work order information upto end of june 2020 for prioritizing maintenance. which work orders should i prioritize first for chiller <NUM> with equipment <ID> cwc04009 in july 2020?')",aggressive_template_collapse_v1
62,Workorder,Chiller,Decision Support,prescriptive,"Can you provide guidance on bundling corrective work orders together to optimize the maintenance schedule for Chiller 9 with equipment ID CWC04009 covering years of 2017, 2018 and 2019, bundle has to be happen within two weeks and have at least two work orders, also tell the details of each bundle?","can you provide guidance on bundling corrective work orders together to optimize the maintenance schedule for chiller 9 with equipment id cwc04009 covering years of 2017, 2018 and 2019, bundle has to be happen within two weeks and have at least two work orders, also tell the details of each bundle?","There will be three bundles generated with the size of 15, 6 and 2 respectively.  Suggest bundles of corrective work orders for CWC04009 across 2017–2019, ensuring each bundle contains at least two work orders scheduled within a two-week window.",Source: Maintenance operations; Non-deterministic query allowing multiple valid responses; Category: Decision Support,[66],1,1,"['Can you provide guidance on bundling corrective work orders together to optimize the maintenance schedule for Chiller 9 with equipment ID CWC04009 covering years of 2017, 2018 and 2019, bundle has to be happen within two weeks and have at least two work orders, also tell the details of each bundle?']","['There will be three bundles generated with the size of 15, 6 and 2 respectively.  Suggest bundles of corrective work orders for CWC04009 across 2017–2019, ensuring each bundle contains at least two work orders scheduled within a two-week window.']",['Source: Maintenance operations; Non-deterministic query allowing multiple valid responses; Category: Decision Support'],ASK_OTHER,False,"('Workorder', 'Chiller', 'Decision Support', 'prescriptive', 'ASK_OTHER', 'can you provide guidance on bundling corrective work orders together to optimize the maintenance schedule for chiller <NUM> with equipment <ID> cwc04009 covering years of 2017, 2018 and 2019, bundle has to be happen within two weeks and have at least two work orders, also tell the details of each bundle?')",aggressive_template_collapse_v1
63,Workorder,Chiller,Decision Support,prescriptive,How can reasoning on operation alerts help in generating significant warning message to improve maintenance recommendations for Chiller 9 with equipment ID CWC04009?,how can reasoning on operation alerts help in generating significant warning message to improve maintenance recommendations for chiller 9 with equipment id cwc04009?,The output will be one or more the alter rule codes. Explain how operational alert reasoning can be used to improve the generation of actionable warning messages for Chiller 9 (CWC04009).,Source: Maintenance operations; Non-deterministic query allowing multiple valid responses; Category: Decision Support,[68],1,1,['How can reasoning on operation alerts help in generating significant warning message to improve maintenance recommendations for Chiller 9 with equipment ID CWC04009?'],['The output will be one or more the alter rule codes. Explain how operational alert reasoning can be used to improve the generation of actionable warning messages for Chiller 9 (CWC04009).'],['Source: Maintenance operations; Non-deterministic query allowing multiple valid responses; Category: Decision Support'],ASK_OTHER,False,"('Workorder', 'Chiller', 'Decision Support', 'prescriptive', 'ASK_OTHER', 'how can reasoning on operation alerts help in generating significant warning message to improve maintenance recommendations for chiller <NUM> with equipment <ID> cwc04009?')",aggressive_template_collapse_v1
64,Workorder,Chiller,Decision Support,prescriptive,"Since we know 80% of alerts are likely spurious, can you identify the meaningful 20% for further analysis for any chillers?","since we know 80% of alerts are likely spurious, can you identify the meaningful 20% for further analysis for any chillers?","The results may vary, and the actual outcome depends on the specific LLM used. Filter and prioritize the most meaningful 20% of alerts from chillers for detailed analysis, excluding the spurious ones.",Source: Maintenance operations; Non-deterministic query allowing multiple valid responses; Category: Decision Support,[67],1,1,"['Since we know 80% of alerts are likely spurious, can you identify the meaningful 20% for further analysis for any chillers?']","['The results may vary, and the actual outcome depends on the specific LLM used. Filter and prioritize the most meaningful 20% of alerts from chillers for detailed analysis, excluding the spurious ones.']",['Source: Maintenance operations; Non-deterministic query allowing multiple valid responses; Category: Decision Support'],ASK_OTHER,False,"('Workorder', 'Chiller', 'Decision Support', 'prescriptive', 'ASK_OTHER', 'since we know 80% of alerts are likely spurious, can you identify the meaningful 20% for further analysis for any chillers?')",aggressive_template_collapse_v1
65,Workorder,Chiller,Decision Support,prescriptive,"After checking existing work orders, anomalies and alerts in May and June 2020 for Chiller 9 with equipment ID CWC04009, should I recommend a new work order or is it too early to decide for July 2020?","after checking existing work orders, anomalies and alerts in may and june 2020 for chiller 9 with equipment id cwc04009, should i recommend a new work order or is it too early to decide for july 2020?","The output will be zeor or more the primilar failure codes recommendaed as possible work orders. Evaluate whether a new work order should be created for July 2020 based on the review of anomalies, alerts, and existing work orders from May–June 2020 for CWC04009.",Source: Maintenance operations; Non-deterministic query allowing multiple valid responses; Category: Decision Support,[64],1,1,"['After checking existing work orders, anomalies and alerts in May and June 2020 for Chiller 9 with equipment ID CWC04009, should I recommend a new work order or is it too early to decide for July 2020?']","['The output will be zeor or more the primilar failure codes recommendaed as possible work orders. Evaluate whether a new work order should be created for July 2020 based on the review of anomalies, alerts, and existing work orders from May–June 2020 for CWC04009.']",['Source: Maintenance operations; Non-deterministic query allowing multiple valid responses; Category: Decision Support'],ASK_WORKORDER,False,"('Workorder', 'Chiller', 'Decision Support', 'prescriptive', 'ASK_WORKORDER', 'after checking existing work orders, anomalies and alerts in may and june 2020 for chiller <NUM> with equipment <ID> cwc04009, should i recommend a new work order or is it too early to decide for july 2020?')",aggressive_template_collapse_v1
66,Workorder,Chiller,Decision Support,prescriptive,"Using your knowledge of the industrial asset, can you suggest me a work order for alert RUL0014 with the context of 'Chiller - Cooling Substance Delta T Low' for closed-loop water-cool chiller its load is higher than the upper bound?","using your knowledge of the industrial asset, can you suggest me a work order for alert rul0014 with the context of 'chiller - cooling substance delta t low' for closed-loop water-cool chiller its load is higher than the upper bound?",The output will be a one or more the primilar failure codes with their work order types. Recommend an appropriate work order to address the alert RUL0014 for the cooling issue in the closed-loop water-cooled chiller.,Source: Maintenance operations; Non-deterministic query allowing multiple valid responses; Category: Decision Support,[61],1,1,"[""Using your knowledge of the industrial asset, can you suggest me a work order for alert RUL0014 with the context of 'Chiller - Cooling Substance Delta T Low' for closed-loop water-cool chiller its load is higher than the upper bound?""]",['The output will be a one or more the primilar failure codes with their work order types. Recommend an appropriate work order to address the alert RUL0014 for the cooling issue in the closed-loop water-cooled chiller.'],['Source: Maintenance operations; Non-deterministic query allowing multiple valid responses; Category: Decision Support'],ASK_WORKORDER,False,"('Workorder', 'Chiller', 'Decision Support', 'prescriptive', 'ASK_WORKORDER', ""using your knowledge of the industrial asset, can you suggest me a work order for alert rul0014 with the context of 'chiller - cooling substance delta t low' for closed-loop water-cool chiller its load is higher than the upper bound?"")",aggressive_template_collapse_v1
67,Workorder,Chiller,Decision Support,prescriptive,"We are building an early detection system for a potential failure condenser Water side fouling for Chiller 9. Monitor Chiller 9 at main site site from 2020-04-20T12:30:00 to 2020-05-12T19:30:00, identify anomalous behaviors and provide a work order recomendation.","we are building an early detection system for a potential failure condenser water side fouling for chiller 9. monitor chiller 9 at main site site from <date> to <date>, identify anomalous behaviors and provide a work order recomendation.",The output could be a description of anomalous for fouling and/or a work order recommendation. Monitor Chiller 9 (CWC04009) at main site between 2020-04-20 and 2020-05-12 for anomalies indicating condenser fouling and recommend a corrective work order.,Source: Maintenance operations; Non-deterministic query allowing multiple valid responses; Category: Decision Support,[72],1,1,"['We are building an early detection system for a potential failure condenser Water side fouling for Chiller 9. Monitor Chiller 9 at main site site from 2020-04-20T12:30:00 to 2020-05-12T19:30:00, identify anomalous behaviors and provide a work order recomendation.']",['The output could be a description of anomalous for fouling and/or a work order recommendation. Monitor Chiller 9 (CWC04009) at main site between 2020-04-20 and 2020-05-12 for anomalies indicating condenser fouling and recommend a corrective work order.'],['Source: Maintenance operations; Non-deterministic query allowing multiple valid responses; Category: Decision Support'],ASK_WORKORDER,False,"('Workorder', 'Chiller', 'Decision Support', 'prescriptive', 'ASK_WORKORDER', 'we are building an early detection system for a potential failure condenser water side fouling for chiller <NUM>. monitor chiller <NUM> at main site <SITE> from <date> to <date>, identify anomalous behaviors and provide a work order recomendation.')",aggressive_template_collapse_v1
68,Workorder,Chiller,Decision Support,prescriptive,"We are building an early detection system for a potential failure condenser Water side fouling for Chiller 9. Monitor Chiller 9 at main site site from 2020-04-20T12:30:00 to 2020-05-12T19:30:00, identify anomalous behaviors and provide a work order recommendation if there is no such corrective work order created already.","we are building an early detection system for a potential failure condenser water side fouling for chiller 9. monitor chiller 9 at main site site from <date> to <date>, identify anomalous behaviors and provide a work order recommendation if there is no such corrective work order created already.","The output could be a description of anomalous for fouling and/or a work order recommendation.. Detect condenser fouling anomalies for Chiller 9 (CWC04009) between 2020-04-20 and 2020-05-12, and recommend a work order only if none already exists.",Source: Maintenance operations; Non-deterministic query allowing multiple valid responses; Category: Decision Support,[73],1,1,"['We are building an early detection system for a potential failure condenser Water side fouling for Chiller 9. Monitor Chiller 9 at main site site from 2020-04-20T12:30:00 to 2020-05-12T19:30:00, identify anomalous behaviors and provide a work order recommendation if there is no such corrective work order created already.']","['The output could be a description of anomalous for fouling and/or a work order recommendation.. Detect condenser fouling anomalies for Chiller 9 (CWC04009) between 2020-04-20 and 2020-05-12, and recommend a work order only if none already exists.']",['Source: Maintenance operations; Non-deterministic query allowing multiple valid responses; Category: Decision Support'],ASK_WORKORDER,False,"('Workorder', 'Chiller', 'Decision Support', 'prescriptive', 'ASK_WORKORDER', 'we are building an early detection system for a potential failure condenser water side fouling for chiller <NUM>. monitor chiller <NUM> at main site <SITE> from <date> to <date>, identify anomalous behaviors and provide a work order recommendation if there is no such corrective work order created already.')",aggressive_template_collapse_v1
69,Workorder,Chiller,Decision Support,retrospective;predictive,"Assume today is early of July 2020, I would like to review the performance of chiller 9 with equipment ID CWC04009 for June 2020 and track any anomalies or operation violations as alerts. Tell me what corrective work orders have been scheduled, and whether new work order should generate.","assume today is early of july 2020, i would like to review the performance of chiller 9 with equipment id cwc04009 for june 2020 and track any anomalies or operation violations as alerts. tell me what corrective work orders have been scheduled, and whether new work order should generate.","The output will be zero or one the primilar failure code with corresponding work order type. The outcome dependes on the LLM utilzied. Review June 2020 anomalies and alerts for Chiller 9 (CWC04009), list scheduled corrective work orders, and determine if a new work order is needed.",Source: Maintenance operations; Non-deterministic query allowing multiple valid responses; Category: Decision Support,[70],1,1,"['Assume today is early of July 2020, I would like to review the performance of chiller 9 with equipment ID CWC04009 for June 2020 and track any anomalies or operation violations as alerts. Tell me what corrective work orders have been scheduled, and whether new work order should generate.']","['The output will be zero or one the primilar failure code with corresponding work order type. The outcome dependes on the LLM utilzied. Review June 2020 anomalies and alerts for Chiller 9 (CWC04009), list scheduled corrective work orders, and determine if a new work order is needed.']",['Source: Maintenance operations; Non-deterministic query allowing multiple valid responses; Category: Decision Support'],ASK_CREATE+ASK_LIST+ASK_WORKORDER,False,"('Workorder', 'Chiller', 'Decision Support', 'retrospective;predictive', 'ASK_CREATE+ASK_LIST+ASK_WORKORDER', 'assume today is early of july 2020, i would like to review the performance of chiller <NUM> with equipment <ID> cwc04009 for june 2020 and track any anomalies or operation violations as alerts. tell me what corrective work orders have been scheduled, and whether new work order should generate.')",aggressive_template_collapse_v1
70,Workorder,Chiller,Decision Support,retrospective;predictive,"I would like to review the performance of chiller 9 with equipment ID CWC04009 at main site site for June 2020 and track any anomalies or operation alerts. Tell me what corrective work orders have been scheduled, and whether new work order should generate.","i would like to review the performance of chiller 9 with equipment id cwc04009 at main site site for june 2020 and track any anomalies or operation alerts. tell me what corrective work orders have been scheduled, and whether new work order should generate.","The output will be zero or more the primilar failure code with corresponding work order type. The outcome dependes on the LLM utilzied. Review June 2020 performance of Chiller 9 (CWC04009) at main site, track anomalies and alerts, and evaluate corrective work order needs.",Source: Maintenance operations; Non-deterministic query allowing multiple valid responses; Category: Decision Support,[71],1,1,"['I would like to review the performance of chiller 9 with equipment ID CWC04009 at main site site for June 2020 and track any anomalies or operation alerts. Tell me what corrective work orders have been scheduled, and whether new work order should generate.']","['The output will be zero or more the primilar failure code with corresponding work order type. The outcome dependes on the LLM utilzied. Review June 2020 performance of Chiller 9 (CWC04009) at main site, track anomalies and alerts, and evaluate corrective work order needs.']",['Source: Maintenance operations; Non-deterministic query allowing multiple valid responses; Category: Decision Support'],ASK_CREATE+ASK_LIST+ASK_WORKORDER,False,"('Workorder', 'Chiller', 'Decision Support', 'retrospective;predictive', 'ASK_CREATE+ASK_LIST+ASK_WORKORDER', 'i would like to review the performance of chiller <NUM> with equipment <ID> cwc04009 at main site <SITE> for june 2020 and track any anomalies or operation alerts. tell me what corrective work orders have been scheduled, and whether new work order should generate.')",aggressive_template_collapse_v1
71,Workorder,Chiller,Decision Support,retrospective;predictive,"Assume today is early of July 2020, I would like to review the performance of chiller 9 with equipment ID CWC04009 for June 2020 and track any anomalies or operation violations as alerts.","assume today is early of july 2020, i would like to review the performance of chiller 9 with equipment id cwc04009 for june 2020 and track any anomalies or operation violations as alerts.","There were 30 alerts for 'Chiller - Evaporator Approach High', and anomalies were observed in Cooling Load (12 instances), Flow Efficiency (9), Delta Setpoint (6), and Delta Temperature (3).  The LLM ReAct process is to review the operational performance and detect anomalies or alerts for Chiller 9 (CWC04009) during June 2020, confirming correct equipment ID and timeframe.",Source: Maintenance operations; Non-deterministic query allowing multiple valid responses; Category: Decision Support,[62],1,1,"['Assume today is early of July 2020, I would like to review the performance of chiller 9 with equipment ID CWC04009 for June 2020 and track any anomalies or operation violations as alerts.']","[""There were 30 alerts for 'Chiller - Evaporator Approach High', and anomalies were observed in Cooling Load (12 instances), Flow Efficiency (9), Delta Setpoint (6), and Delta Temperature (3).  The LLM ReAct process is to review the operational performance and detect anomalies or alerts for Chiller 9 (CWC04009) during June 2020, confirming correct equipment ID and timeframe.""]",['Source: Maintenance operations; Non-deterministic query allowing multiple valid responses; Category: Decision Support'],ASK_OTHER,False,"('Workorder', 'Chiller', 'Decision Support', 'retrospective;predictive', 'ASK_OTHER', 'assume today is early of july 2020, i would like to review the performance of chiller <NUM> with equipment <ID> cwc04009 for june 2020 and track any anomalies or operation violations as alerts.')",aggressive_template_collapse_v1
72,Workorder,Chiller,Decision Support,retrospective;predictive,"In May and June of 2020, numerous anomalies and alerts have been reported for Chiller 9 with equipment ID CWC04009. Could you review them and suggest appropriate work orders or actions?","in may and june of 2020, numerous anomalies and alerts have been reported for chiller 9 with equipment id cwc04009. could you review them and suggest appropriate work orders or actions?",The output will be a one or more the primilar failure codes. The LLM ReAct analyze anomalies and alerts for Chiller 9 (CWC04009) during May–June 2020 and recommend appropriate corrective work orders.,Source: Maintenance operations; Non-deterministic query allowing multiple valid responses; Category: Decision Support,[63],1,1,"['In May and June of 2020, numerous anomalies and alerts have been reported for Chiller 9 with equipment ID CWC04009. Could you review them and suggest appropriate work orders or actions?']",['The output will be a one or more the primilar failure codes. The LLM ReAct analyze anomalies and alerts for Chiller 9 (CWC04009) during May–June 2020 and recommend appropriate corrective work orders.'],['Source: Maintenance operations; Non-deterministic query allowing multiple valid responses; Category: Decision Support'],ASK_OTHER,False,"('Workorder', 'Chiller', 'Decision Support', 'retrospective;predictive', 'ASK_OTHER', 'in may and june of 2020, numerous anomalies and alerts have been reported for chiller <NUM> with equipment <ID> cwc04009. could you review them and suggest appropriate work orders or actions?')",aggressive_template_collapse_v1
73,Workorder,Chiller,Decision Support,retrospective;predictive,"Assume today is early of July 2020, I would like to review the alerts for chiller 9 with equipment ID CWC04009 for June 2020 and the work order should be generated based on the type of alerts.","assume today is early of july 2020, i would like to review the alerts for chiller 9 with equipment id cwc04009 for june 2020 and the work order should be generated based on the type of alerts.",Two work order recommendations are suggested due to structural and mechanical issues: one for compressor failure (M010) and another for deformation (M003). Analyze June 2020 alerts for Chiller 9 (CWC04009) and recommend generating appropriate work orders based on alert types.,Source: Maintenance operations; Non-deterministic query allowing multiple valid responses; Category: Decision Support,[74],1,1,"['Assume today is early of July 2020, I would like to review the alerts for chiller 9 with equipment ID CWC04009 for June 2020 and the work order should be generated based on the type of alerts.']",['Two work order recommendations are suggested due to structural and mechanical issues: one for compressor failure (M010) and another for deformation (M003). Analyze June 2020 alerts for Chiller 9 (CWC04009) and recommend generating appropriate work orders based on alert types.'],['Source: Maintenance operations; Non-deterministic query allowing multiple valid responses; Category: Decision Support'],ASK_WORKORDER,False,"('Workorder', 'Chiller', 'Decision Support', 'retrospective;predictive', 'ASK_WORKORDER', 'assume today is early of july 2020, i would like to review the alerts for chiller <NUM> with equipment <ID> cwc04009 for june 2020 and the work order should be generated based on the type of alerts.')",aggressive_template_collapse_v1
74,Workorder,Chiller,Decision Support,retrospective;predictive,"We are building an early detection and remediation system for potential failures, such as condenser water side fouling, for Chiller 9 with equipment ID CWC04009 at main site site with two month’s period from 2020-05-01T12:30:00 to 2022-06-30T19:30:00.  We like to review the chiller’s performance of the period with any anomalies or operation violations as alerts, and provide the guideline on work order generation?","we are building an early detection and remediation system for potential failures, such as condenser water side fouling, for chiller 9 with equipment id cwc04009 at main site site with two month’s period from <date> to <date>. we like to review the chiller’s performance of the period with any anomalies or operation violations as alerts, and provide the guideline on work order generation?","The output will be one or more the primilar failure codes with corresponding work order types. Review anomalies and alerts for Chiller 9 (CWC04009) at main site between 2020-05-01 and 2022-06-30, and provide work order generation guidelines.",Source: Maintenance operations; Non-deterministic query allowing multiple valid responses; Category: Decision Support,[69],1,1,"['We are building an early detection and remediation system for potential failures, such as condenser water side fouling, for Chiller 9 with equipment ID CWC04009 at main site site with two month’s period from 2020-05-01T12:30:00 to 2022-06-30T19:30:00.  We like to review the chiller’s performance of the period with any anomalies or operation violations as alerts, and provide the guideline on work order generation?']","['The output will be one or more the primilar failure codes with corresponding work order types. Review anomalies and alerts for Chiller 9 (CWC04009) at main site between 2020-05-01 and 2022-06-30, and provide work order generation guidelines.']",['Source: Maintenance operations; Non-deterministic query allowing multiple valid responses; Category: Decision Support'],ASK_WORKORDER,False,"('Workorder', 'Chiller', 'Decision Support', 'retrospective;predictive', 'ASK_WORKORDER', 'we are building an early detection and remediation system for potential failures, such as condenser water side fouling, for chiller <NUM> with equipment <ID> cwc04009 at main site <SITE> with two month’s period from <date> to <date>. we like to review the chiller’s performance of the period with any anomalies or operation violations as alerts, and provide the guideline on work order generation?')",aggressive_template_collapse_v1
75,Workorder,Equipment,Decision Support,predictive,"Rank alert descriptions for CWC04009 by how strongly they predict subsequent corrective work orders, supporting long-term failure-risk mitigation.","rank alert descriptions for cwc04009 by how strongly they predict subsequent corrective work orders, supporting long-term failure-risk mitigation.","For each alert description on CWC04009, compute the conditional probability that a CM WORK_ORDER follows within a set window; sort descriptions by predictive strength.",Source: Maintenance operations; Non-deterministic query allowing multiple valid responses; Category: Decision Support,[84],1,1,"['Rank alert descriptions for CWC04009 by how strongly they predict subsequent corrective work orders, supporting long-term failure-risk mitigation.']","['For each alert description on CWC04009, compute the conditional probability that a CM WORK_ORDER follows within a set window; sort descriptions by predictive strength.']",['Source: Maintenance operations; Non-deterministic query allowing multiple valid responses; Category: Decision Support'],ASK_PREDICT,True,"('Workorder', 'Equipment', 'Decision Support', 'predictive', 'ASK_PREDICT', 'PARAM_LOCK', 84)",aggressive_template_collapse_v1
76,Workorder,Equipment,Decision Support,prescriptive,"Detect clusters of alerts and work orders on CWC04009 that signal elevated failure risk for the next planning cycle, guiding proactive maintenance budgeting.","detect clusters of alerts and work orders on cwc04009 that signal elevated failure risk for the next planning cycle, guiding proactive maintenance budgeting.",Apply time-series burst or clustering analysis to event_time for ALERT + WORK_ORDER events of CWC04009; flag dense clusters as high-risk periods for long-term budgeting.,Source: Maintenance operations; Non-deterministic query allowing multiple valid responses; Category: Decision Support,[83],1,1,"['Detect clusters of alerts and work orders on CWC04009 that signal elevated failure risk for the next planning cycle, guiding proactive maintenance budgeting.']",['Apply time-series burst or clustering analysis to event_time for ALERT + WORK_ORDER events of CWC04009; flag dense clusters as high-risk periods for long-term budgeting.'],['Source: Maintenance operations; Non-deterministic query allowing multiple valid responses; Category: Decision Support'],ASK_ANOMALY,False,"('Workorder', 'Equipment', 'Decision Support', 'prescriptive', 'ASK_ANOMALY', 'detect clusters of alerts and work orders on cwc04009 that signal elevated failure risk for the next planning cycle, guiding proactive maintenance budgeting.')",aggressive_template_collapse_v1
77,Workorder,Equipment,Decision Support,prescriptive,Could you generate rules that help distinguish meaningful alerts from spurious ones?,could you generate rules that help distinguish meaningful alerts from spurious ones?,"Depends on the LLM utuilzied, the outcome could be 1) Real thredholds for meaning alert; or 2) the steps to generate such rules.  Develop rules or criteria to distinguish genuine alerts from spurious or false positives in operational monitoring.",Source: Maintenance operations; Non-deterministic query allowing multiple valid responses; Category: Decision Support,[82],1,1,['Could you generate rules that help distinguish meaningful alerts from spurious ones?'],"['Depends on the LLM utuilzied, the outcome could be 1) Real thredholds for meaning alert; or 2) the steps to generate such rules.  Develop rules or criteria to distinguish genuine alerts from spurious or false positives in operational monitoring.']",['Source: Maintenance operations; Non-deterministic query allowing multiple valid responses; Category: Decision Support'],ASK_CREATE,False,"('Workorder', 'Equipment', 'Decision Support', 'prescriptive', 'ASK_CREATE', 'could you generate rules that help distinguish meaningful alerts from spurious ones?')",aggressive_template_collapse_v1
78,Workorder,Equipment,Decision Support,prescriptive,"Which corrective work orders for equipment CWC04009 in year 2017 can be bundled in the next maintenance window? A bundle means that several work orders are executed in a short period, say in two weeks.","which corrective work orders for equipment cwc04009 in year 2017 can be bundled in the next maintenance window? a bundle means that several work orders are executed in a short period, say in two weeks.","There are two bundles, one has 10, and another has 3 corrective work orders. The expected response should identify corrective work orders for CWC04009 in 2017 that can be bundled together for execution within a two-week maintenance window. Ensure the calculation and bundile is correct",Source: Maintenance operations; Non-deterministic query allowing multiple valid responses; Category: Decision Support,[75],1,1,"['Which corrective work orders for equipment CWC04009 in year 2017 can be bundled in the next maintenance window? A bundle means that several work orders are executed in a short period, say in two weeks.']","['There are two bundles, one has 10, and another has 3 corrective work orders. The expected response should identify corrective work orders for CWC04009 in 2017 that can be bundled together for execution within a two-week maintenance window. Ensure the calculation and bundile is correct']",['Source: Maintenance operations; Non-deterministic query allowing multiple valid responses; Category: Decision Support'],ASK_LIST,True,"('Workorder', 'Equipment', 'Decision Support', 'prescriptive', 'ASK_LIST', 'PARAM_LOCK', 75)",aggressive_template_collapse_v1
79,Workorder,Equipment,Decision Support,prescriptive,Determine which alert or work-order descriptions account for the highest event counts on CWC04009 and should therefore drive allocation of funds in the next 10-year capital budget.,determine which alert or work-order descriptions account for the highest event counts on cwc04009 and should therefore drive allocation of funds in the next 10-year capital budget.,"Aggregate ALERT and WORK_ORDER events for CWC04009 by description, rank by total count, and provide the top contributors as budget-prioritisation drivers.",Source: Maintenance operations; Non-deterministic query allowing multiple valid responses; Category: Decision Support,[89],1,1,['Determine which alert or work-order descriptions account for the highest event counts on CWC04009 and should therefore drive allocation of funds in the next 10-year capital budget.'],"['Aggregate ALERT and WORK_ORDER events for CWC04009 by description, rank by total count, and provide the top contributors as budget-prioritisation drivers.']",['Source: Maintenance operations; Non-deterministic query allowing multiple valid responses; Category: Decision Support'],ASK_LIST,False,"('Workorder', 'Equipment', 'Decision Support', 'prescriptive', 'ASK_LIST', 'determine which alert or work-order descriptions account for the highest event counts on cwc04009 and should therefore drive allocation of funds in the next 10-year capital budget.')",aggressive_template_collapse_v1
80,Workorder,Equipment,Decision Support,prescriptive,Identify which alert descriptions for CWC04009 show the steepest upward trend and therefore require priority in the 10-year capital-planning roadmap.,identify which alert descriptions for cwc04009 show the steepest upward trend and therefore require priority in the 10-year capital-planning roadmap.,"Group ALERT events for CWC04009 by description, compute yearly counts, calculate trend slopes, and list the descriptions with the largest positive slopes.",Source: Maintenance operations; Non-deterministic query allowing multiple valid responses; Category: Decision Support,[88],1,1,['Identify which alert descriptions for CWC04009 show the steepest upward trend and therefore require priority in the 10-year capital-planning roadmap.'],"['Group ALERT events for CWC04009 by description, compute yearly counts, calculate trend slopes, and list the descriptions with the largest positive slopes.']",['Source: Maintenance operations; Non-deterministic query allowing multiple valid responses; Category: Decision Support'],ASK_LIST,False,"('Workorder', 'Equipment', 'Decision Support', 'prescriptive', 'ASK_LIST', 'identify which alert descriptions for cwc04009 show the steepest upward trend and therefore require priority in the 10-year capital-planning roadmap.')",aggressive_template_collapse_v1
81,Workorder,Equipment,Decision Support,prescriptive,"When an anomaly happens for equipment CWC04009, can you recommend a list of candidate work orders and give me a summary of work order as percentage?","when an anomaly happens for equipment cwc04009, can you recommend a list of candidate work orders and give me a summary of work order as percentage?",An possible example is work orders are split evenly with 50% for MT010 and 50% for MT013 for equipment CWC04009.,Source: Maintenance operations; Non-deterministic query allowing multiple valid responses; Category: Decision Support,[76],1,1,"['When an anomaly happens for equipment CWC04009, can you recommend a list of candidate work orders and give me a summary of work order as percentage?']",['An possible example is work orders are split evenly with 50% for MT010 and 50% for MT013 for equipment CWC04009.'],['Source: Maintenance operations; Non-deterministic query allowing multiple valid responses; Category: Decision Support'],ASK_LIST+ASK_WORKORDER,False,"('Workorder', 'Equipment', 'Decision Support', 'prescriptive', 'ASK_LIST+ASK_WORKORDER', 'when an anomaly happens for equipment <ID>, can you recommend a list of candidate work orders and give me a summary of work order as percentage?')",aggressive_template_collapse_v1
82,Workorder,Equipment,Decision Support,prescriptive,Could you identify any causal linkages between anomalies across KPIs to better understand the severity and interconnectedness?,could you identify any causal linkages between anomalies across kpis to better understand the severity and interconnectedness?,"The LLM ReAct identifies causal relationships between anomalies across KPIs to understand system-wide impact and severity. Two causal linkages were identified between anomalies across KPIs: one related to Misalignment under Structural and Mechanical Failures and another to Insufficient Insulation under Energy Efficiency. Each issue occurred once, suggesting distinct yet potentially impactful contributors to system performance degradation.",Source: Maintenance operations; Non-deterministic query allowing multiple valid responses; Category: Decision Support,[81],1,1,['Could you identify any causal linkages between anomalies across KPIs to better understand the severity and interconnectedness?'],"['The LLM ReAct identifies causal relationships between anomalies across KPIs to understand system-wide impact and severity. Two causal linkages were identified between anomalies across KPIs: one related to Misalignment under Structural and Mechanical Failures and another to Insufficient Insulation under Energy Efficiency. Each issue occurred once, suggesting distinct yet potentially impactful contributors to system performance degradation.']",['Source: Maintenance operations; Non-deterministic query allowing multiple valid responses; Category: Decision Support'],ASK_OTHER,False,"('Workorder', 'Equipment', 'Decision Support', 'prescriptive', 'ASK_OTHER', 'could you identify any causal linkages between anomalies across kpis to better understand the severity and interconnectedness?')",aggressive_template_collapse_v1
83,Workorder,Equipment,Decision Support,prescriptive,Examine whether the year-over-year increase in corrective maintenance for CWC04009 warrants shifting resources from annual repairs toward multi-year replacement planning.,examine whether the year-over-year increase in corrective maintenance for cwc04009 warrants shifting resources from annual repairs toward multi-year replacement planning.,"Plot CM WORK_ORDER counts per year for CWC04009, assess the upward trend, and recommend budget reallocation if growth is significant.",Source: Maintenance operations; Non-deterministic query allowing multiple valid responses; Category: Decision Support,[85],1,1,['Examine whether the year-over-year increase in corrective maintenance for CWC04009 warrants shifting resources from annual repairs toward multi-year replacement planning.'],"['Plot CM WORK_ORDER counts per year for CWC04009, assess the upward trend, and recommend budget reallocation if growth is significant.']",['Source: Maintenance operations; Non-deterministic query allowing multiple valid responses; Category: Decision Support'],ASK_OTHER,False,"('Workorder', 'Equipment', 'Decision Support', 'prescriptive', 'ASK_OTHER', 'examine whether the year-over-year increase in corrective maintenance for cwc04009 warrants shifting resources from annual repairs toward multi-year replacement planning.')",aggressive_template_collapse_v1
84,Workorder,Equipment,Decision Support,prescriptive,How can I analyze anomalies across multiple KPIs to better diagnose the root cause of these issues?,how can i analyze anomalies across multiple kpis to better diagnose the root cause of these issues?,"Based on the utilzied LLM, the process begins with collecting and cleaning historical KPI and maintenance data, followed by detecting anomalies across key performance indicators. These anomalies are then analyzed for correlations, leading to root cause hypotheses that are validated with logs and expert input, ultimately guiding the bundling of corrective work orders into optimized maintenance actions. Provide a method to analyze anomalies across multiple KPIs for more accurate root cause diagnosis.",Source: Maintenance operations; Non-deterministic query allowing multiple valid responses; Category: Decision Support,[80],1,1,['How can I analyze anomalies across multiple KPIs to better diagnose the root cause of these issues?'],"['Based on the utilzied LLM, the process begins with collecting and cleaning historical KPI and maintenance data, followed by detecting anomalies across key performance indicators. These anomalies are then analyzed for correlations, leading to root cause hypotheses that are validated with logs and expert input, ultimately guiding the bundling of corrective work orders into optimized maintenance actions. Provide a method to analyze anomalies across multiple KPIs for more accurate root cause diagnosis.']",['Source: Maintenance operations; Non-deterministic query allowing multiple valid responses; Category: Decision Support'],ASK_OTHER,False,"('Workorder', 'Equipment', 'Decision Support', 'prescriptive', 'ASK_OTHER', 'how can i analyze anomalies across multiple kpis to better diagnose the root cause of these issues?')",aggressive_template_collapse_v1
85,Workorder,Equipment,Decision Support,prescriptive,"Just notice an anomaly 'KPI Cooling Load above upper bound' happens for equipment CWC04009, can you recommend top three work orders to address this problem?","just notice an anomaly 'kpi cooling load above upper bound' happens for equipment cwc04009, can you recommend top three work orders to address this problem?","The output will be a list of the primilar failure codes with three work order types. In more details, upon observing the 'KPI Cooling Load above upper bound' anomaly, suggest the top three corrective work orders for CWC04009.",Source: Maintenance operations; Non-deterministic query allowing multiple valid responses; Category: Decision Support,[78],1,1,"[""Just notice an anomaly 'KPI Cooling Load above upper bound' happens for equipment CWC04009, can you recommend top three work orders to address this problem?""]","[""The output will be a list of the primilar failure codes with three work order types. In more details, upon observing the 'KPI Cooling Load above upper bound' anomaly, suggest the top three corrective work orders for CWC04009.""]",['Source: Maintenance operations; Non-deterministic query allowing multiple valid responses; Category: Decision Support'],ASK_OTHER,False,"('Workorder', 'Equipment', 'Decision Support', 'prescriptive', 'ASK_OTHER', ""just notice an anomaly 'kpi cooling load above upper bound' happens for equipment <ID>, can you recommend top three work orders to address this problem?"")",aggressive_template_collapse_v1
86,Workorder,Equipment,Decision Support,prescriptive,"Just notice two anomalies 'KPI Cooling Load above upper bound' and 'KPI Delta Setpoint above upper bound' happened for equipment CWC04009, can you recommend top three work orders to address this problem?","just notice two anomalies 'kpi cooling load above upper bound' and 'kpi delta setpoint above upper bound' happened for equipment cwc04009, can you recommend top three work orders to address this problem?","The output will be a list of the primilar failure codes with three work order types.  Upon observing two anomalies, recommend the top three corrective actions for CWC04009 to address both issues.",Source: Maintenance operations; Non-deterministic query allowing multiple valid responses; Category: Decision Support,[79],1,1,"[""Just notice two anomalies 'KPI Cooling Load above upper bound' and 'KPI Delta Setpoint above upper bound' happened for equipment CWC04009, can you recommend top three work orders to address this problem?""]","['The output will be a list of the primilar failure codes with three work order types.  Upon observing two anomalies, recommend the top three corrective actions for CWC04009 to address both issues.']",['Source: Maintenance operations; Non-deterministic query allowing multiple valid responses; Category: Decision Support'],ASK_OTHER,False,"('Workorder', 'Equipment', 'Decision Support', 'prescriptive', 'ASK_OTHER', ""just notice two anomalies 'kpi cooling load above upper bound' and 'kpi delta setpoint above upper bound' happened for equipment <ID>, can you recommend top three work orders to address this problem?"")",aggressive_template_collapse_v1
87,Workorder,Equipment,Decision Support,prescriptive,Measure typical time gaps between alerts and the corrective work orders they precede for CWC04009 to refine the life-cycle maintenance timeline.,measure typical time gaps between alerts and the corrective work orders they precede for cwc04009 to refine the life-cycle maintenance timeline.,"For each ALERT that is followed by a CM WORK_ORDER on CWC04009, calculate the time interval; summarise median, mean, and distribution to guide scheduling.",Source: Maintenance operations; Non-deterministic query allowing multiple valid responses; Category: Decision Support,[86],1,1,['Measure typical time gaps between alerts and the corrective work orders they precede for CWC04009 to refine the life-cycle maintenance timeline.'],"['For each ALERT that is followed by a CM WORK_ORDER on CWC04009, calculate the time interval; summarise median, mean, and distribution to guide scheduling.']",['Source: Maintenance operations; Non-deterministic query allowing multiple valid responses; Category: Decision Support'],ASK_OTHER,False,"('Workorder', 'Equipment', 'Decision Support', 'prescriptive', 'ASK_OTHER', 'measure typical time gaps between alerts and the corrective work orders they precede for cwc04009 to refine the life-cycle maintenance timeline.')",aggressive_template_collapse_v1
88,Workorder,Equipment,Decision Support,prescriptive,Quantify how often alerts and corrective work orders cluster together for CWC04009 to identify high-risk operational periods in the years ahead.,quantify how often alerts and corrective work orders cluster together for cwc04009 to identify high-risk operational periods in the years ahead.,Use rolling windows on event_time to count co-occurrences of ALERT and CM WORK_ORDER events for CWC04009; flag windows with elevated counts.,Source: Maintenance operations; Non-deterministic query allowing multiple valid responses; Category: Decision Support,[87],1,1,['Quantify how often alerts and corrective work orders cluster together for CWC04009 to identify high-risk operational periods in the years ahead.'],['Use rolling windows on event_time to count co-occurrences of ALERT and CM WORK_ORDER events for CWC04009; flag windows with elevated counts.'],['Source: Maintenance operations; Non-deterministic query allowing multiple valid responses; Category: Decision Support'],ASK_OTHER,False,"('Workorder', 'Equipment', 'Decision Support', 'prescriptive', 'ASK_OTHER', 'quantify how often alerts and corrective work orders cluster together for cwc04009 to identify high-risk operational periods in the years ahead.')",aggressive_template_collapse_v1
89,Workorder,Equipment,Decision Support,prescriptive,"When an anomaly happens for equipment CWC04009, can you recommend top three work orders to address this problem?","when an anomaly happens for equipment cwc04009, can you recommend top three work orders to address this problem?","It gives a list of work order with a primary failure code. Based on an anomaly in CWC04009, recommend the top three most appropriate work orders for remediation.",Source: Maintenance operations; Non-deterministic query allowing multiple valid responses; Category: Decision Support,[77],1,1,"['When an anomaly happens for equipment CWC04009, can you recommend top three work orders to address this problem?']","['It gives a list of work order with a primary failure code. Based on an anomaly in CWC04009, recommend the top three most appropriate work orders for remediation.']",['Source: Maintenance operations; Non-deterministic query allowing multiple valid responses; Category: Decision Support'],ASK_OTHER,False,"('Workorder', 'Equipment', 'Decision Support', 'prescriptive', 'ASK_OTHER', 'when an anomaly happens for equipment <ID>, can you recommend top three work orders to address this problem?')",aggressive_template_collapse_v1
90,Workorder,Equipment,Knowledge Query,retrospective,"Get the daily count of the events of alert, anomaly for 2021 for equipment CWC04009.","get the daily count of the events of alert, anomaly for 2021 for equipment cwc04009.","There are 82 days have events. The expected response should retrieve daily counts of alerts and anomalies for CWC04009 throughout 2021, verifying correct aggregation over time (daily) and filtering of asset, event type (alert), and year.",Source: Maintenance operations; Deterministic query with single correct answer; Category: Knowledge Query,[96],1,1,"['Get the daily count of the events of alert, anomaly for 2021 for equipment CWC04009.']","['There are 82 days have events. The expected response should retrieve daily counts of alerts and anomalies for CWC04009 throughout 2021, verifying correct aggregation over time (daily) and filtering of asset, event type (alert), and year.']",['Source: Maintenance operations; Deterministic query with single correct answer; Category: Knowledge Query'],ASK_COUNT,False,"('Workorder', 'Equipment', 'Knowledge Query', 'retrospective', 'ASK_COUNT', 'get the daily count of the events of alert, anomaly for 2021 for equipment <ID>.')",aggressive_template_collapse_v1
91,Workorder,Equipment,Knowledge Query,retrospective,"Get the daily count of the events of alert, anomaly for the May 2020 for equipment CWC04009.","get the daily count of the events of alert, anomaly for the may 2020 for equipment cwc04009.","There are 26 days have events. The expected response should retrieve daily counts of alerts and anomalies for CWC04009 for May 2020, verifying correct aggregation over time (daily) and filtering of asset, event type (alert, anomaly), and time range - May 2020.",Source: Maintenance operations; Deterministic query with single correct answer; Category: Knowledge Query,[97],1,1,"['Get the daily count of the events of alert, anomaly for the May 2020 for equipment CWC04009.']","['There are 26 days have events. The expected response should retrieve daily counts of alerts and anomalies for CWC04009 for May 2020, verifying correct aggregation over time (daily) and filtering of asset, event type (alert, anomaly), and time range - May 2020.']",['Source: Maintenance operations; Deterministic query with single correct answer; Category: Knowledge Query'],ASK_COUNT,False,"('Workorder', 'Equipment', 'Knowledge Query', 'retrospective', 'ASK_COUNT', 'get the daily count of the events of alert, anomaly for the may 2020 for equipment <ID>.')",aggressive_template_collapse_v1
92,Workorder,Equipment,Knowledge Query,retrospective,"Get the daily count of alert, anomaly and work order event for the May 2020 for equipment CWC04009.","get the daily count of alert, anomaly and work order event for the may 2020 for equipment cwc04009.","There are 26 days with the records. Depending on the LLM used, the result could be daily total event summary or daily summary for each event type.  The expected response should retrieve and summarize daily counts of alerts, anomalies, and work order events for CWC04009 for May 2020, verifying correct aggregation over time (daily) and filtering of asset, event type (alert, anomaly and work order), and time range - May 2020.",We have both work order business data object and work order event as a group type in the event file. So we make a change of the utterance.,[98],1,1,"['Get the daily count of alert, anomaly and work order event for the May 2020 for equipment CWC04009.']","['There are 26 days with the records. Depending on the LLM used, the result could be daily total event summary or daily summary for each event type.  The expected response should retrieve and summarize daily counts of alerts, anomalies, and work order events for CWC04009 for May 2020, verifying correct aggregation over time (daily) and filtering of asset, event type (alert, anomaly and work order), and time range - May 2020.']",['We have both work order business data object and work order event as a group type in the event file. So we make a change of the utterance.'],ASK_COUNT+ASK_WORKORDER,False,"('Workorder', 'Equipment', 'Knowledge Query', 'retrospective', 'ASK_COUNT+ASK_WORKORDER', 'get the daily count of alert, anomaly and work order event for the may 2020 for equipment <ID>.')",aggressive_template_collapse_v1
93,Workorder,Equipment,Knowledge Query,retrospective,Get the summary of the events of equipment CWC04009 for the June of 2020 and provide a summary based on the event group.,get the summary of the events of equipment cwc04009 for the june of 2020 and provide a summary based on the event group.,"There are 30 alerts, 30 anomalies, and 3 work orders. The expected response should summarize events of CWC04009 in June 2020 by event group, ensuring complete event retrieval and correct categorization/grouping (alert, anomalies, and work order).",Source: Maintenance operations; Deterministic query with single correct answer; Category: Knowledge Query,[95],1,1,['Get the summary of the events of equipment CWC04009 for the June of 2020 and provide a summary based on the event group.'],"['There are 30 alerts, 30 anomalies, and 3 work orders. The expected response should summarize events of CWC04009 in June 2020 by event group, ensuring complete event retrieval and correct categorization/grouping (alert, anomalies, and work order).']",['Source: Maintenance operations; Deterministic query with single correct answer; Category: Knowledge Query'],ASK_OTHER,False,"('Workorder', 'Equipment', 'Knowledge Query', 'retrospective', 'ASK_OTHER', 'get the summary of the events of equipment <ID> for the june of 2020 and provide a summary based on the event group.')",aggressive_template_collapse_v1
94,Workorder,Equipment,Knowledge Query,retrospective,"Get all the events of equipment CWC04009 for the June of 2020 and provide a summary based on the event group for work order, alert, and anomaly.","get all the events of equipment cwc04009 for the june of 2020 and provide a summary based on the event group for work order, alert, and anomaly.","There are 3 work order events, 30 alert events, and 30 anomaly events.  The expected response should retrieve and summarize events (work order, alert, anomaly) for CWC04009 during June 2020, grouped correctly by event type and time range (June 2020).",Source: Maintenance operations; Deterministic query with single correct answer; Category: Knowledge Query,[94],1,2,"['Get all the events of equipment CWC04009 for the June of 2020 and provide a summary based on the event group for work order, alert, and anomaly.', 'Get all the events of equipment CWC04009 for the first week of June of 2020 and provide a summary based on the event group for work order event, alert, and anomaly.']","['There are 3 work order events, 30 alert events, and 30 anomaly events.  The expected response should retrieve and summarize events (work order, alert, anomaly) for CWC04009 during June 2020, grouped correctly by event type and time range (June 2020).', 'There are 6 alert records. The expected response should retrieve events for CWC04009 in the first week of June 2020 and group them by event type. verifying correct aggregation over time (daily) and filtering of asset, event type (alert, anomaly and work order), and time range - First week of May 2020.']",['Source: Maintenance operations; Deterministic query with single correct answer; Category: Knowledge Query'],ASK_WORKORDER,False,"('Workorder', 'Equipment', 'Knowledge Query', 'retrospective', 'ASK_WORKORDER', 'get all the events of equipment <ID> for the june of 2020 and provide a summary based on the event group for work order, alert, and anomaly.')",aggressive_template_collapse_v1
95,Workorder,Equipment,Knowledge Query,retrospective,"Get the events of equipment CWC04009 for year 2019 and provide a summary based on the event group, such as work order event, alerts and anomaly events.","get the events of equipment cwc04009 for year 2019 and provide a summary based on the event group, such as work order event, alerts and anomaly events.","There are 14 work orders, 0 alert, and 0 anomaly. The expected response should retrieve all event types (work orders, alerts, anomalies) for CWC04009 in 2019 and summarize them by event group.",Source: Maintenance operations; Deterministic query with single correct answer; Category: Knowledge Query,[93],1,1,"['Get the events of equipment CWC04009 for year 2019 and provide a summary based on the event group, such as work order event, alerts and anomaly events.']","['There are 14 work orders, 0 alert, and 0 anomaly. The expected response should retrieve all event types (work orders, alerts, anomalies) for CWC04009 in 2019 and summarize them by event group.']",['Source: Maintenance operations; Deterministic query with single correct answer; Category: Knowledge Query'],ASK_WORKORDER,False,"('Workorder', 'Equipment', 'Knowledge Query', 'retrospective', 'ASK_WORKORDER', 'get the events of equipment <ID> for year 2019 and provide a summary based on the event group, such as work order event, alerts and anomaly events.')",aggressive_template_collapse_v1
96,Workorder,Equipment,Knowledge Query,retrospective,Get the work order of equipment CWC04013 for year 2017.,get the work order of equipment cwc04013 for year 2017.,"There will be 33 records. The expected response should retrieve all work orders for equipment CWC04013 in the year 2017, ensuring correct equipment ID and time filtering.",Source: Maintenance operations; Deterministic query with single correct answer; Category: Knowledge Query,[90],1,1,['Get the work order of equipment CWC04013 for year 2017.'],"['There will be 33 records. The expected response should retrieve all work orders for equipment CWC04013 in the year 2017, ensuring correct equipment ID and time filtering.']",['Source: Maintenance operations; Deterministic query with single correct answer; Category: Knowledge Query'],ASK_WORKORDER,False,"('Workorder', 'Equipment', 'Knowledge Query', 'retrospective', 'ASK_WORKORDER', 'get the work order of equipment <ID> for year 2017.')",aggressive_template_collapse_v1
97,Workorder,Equipment,Knowledge Query,retrospective,I would like to check the work order distribution for the equipment labeled as CWC04013 for the year 2017.,i would like to check the work order distribution for the equipment labeled as cwc04013 for the year 2017.,"Work order with primary Code MT010 occurred 3 times and code MT013 occurred once. The expected response should retrieve and summarize work orders by type or month for equipment CWC04013 during 2017, ensuring correct year and equipment filtering.",Source: Maintenance operations; Deterministic query with single correct answer; Category: Knowledge Query,[91],1,1,['I would like to check the work order distribution for the equipment labeled as CWC04013 for the year 2017.'],"['Work order with primary Code MT010 occurred 3 times and code MT013 occurred once. The expected response should retrieve and summarize work orders by type or month for equipment CWC04013 during 2017, ensuring correct year and equipment filtering.']",['Source: Maintenance operations; Deterministic query with single correct answer; Category: Knowledge Query'],ASK_WORKORDER,False,"('Workorder', 'Equipment', 'Knowledge Query', 'retrospective', 'ASK_WORKORDER', 'i would like to check the work order distribution for the equipment <ID> as cwc04013 for the year 2017.')",aggressive_template_collapse_v1
98,Workorder,Equipment,Knowledge Query,retrospective,I would like to retrieve the preventive work order details for the equipment labeled as CWC04013 for the year 2017.,i would like to retrieve the preventive work order details for the equipment labeled as cwc04013 for the year 2017.,"There are 31 preventive work orders for this utterance.  The expected response should retrieve preventive maintenance work orders for CWC04013 in 2017, correctly filtering by asset, preventive work order type and year.",Source: Maintenance operations; Deterministic query with single correct answer; Category: Knowledge Query,[92],1,2,"['I would like to retrieve the preventive work order details for the equipment labeled as CWC04013 for the year 2017.', 'I would like to retrieve the corrective work order details for the equipment labeled as CWC04013 for the year 2017.']","['There are 31 preventive work orders for this utterance.  The expected response should retrieve preventive maintenance work orders for CWC04013 in 2017, correctly filtering by asset, preventive work order type and year.', 'The output is two corrective work orders. The expected response should retrieve corrective maintenance work orders for CWC04013 during 2017, verifying correct work order type and year.']",['Source: Maintenance operations; Deterministic query with single correct answer; Category: Knowledge Query'],ASK_WORKORDER,False,"('Workorder', 'Equipment', 'Knowledge Query', 'retrospective', 'ASK_WORKORDER', 'i would like to retrieve the preventive work order details for the equipment <ID> as cwc04013 for the year 2017.')",aggressive_template_collapse_v1
99,Workorder,Equipment,Prediction,predictive,"Using historical counts, project how many preventive (PM) and corrective (CM) work orders each major description category is likely to generate for CWC04009 over the coming decade.","using historical counts, project how many preventive (pm) and corrective (cm) work orders each major description category is likely to generate for cwc04009 over the coming decade.",Aggregate yearly PM and CM WORK_ORDER counts for CWC04009 by description and extrapolate future volumes with a simple trend or time-series model.,Source: Maintenance operations; Non-deterministic query allowing multiple valid responses; Category: Prediction,[103],1,1,"['Using historical counts, project how many preventive (PM) and corrective (CM) work orders each major description category is likely to generate for CWC04009 over the coming decade.']",['Aggregate yearly PM and CM WORK_ORDER counts for CWC04009 by description and extrapolate future volumes with a simple trend or time-series model.'],['Source: Maintenance operations; Non-deterministic query allowing multiple valid responses; Category: Prediction'],ASK_COUNT+ASK_CREATE,False,"('Workorder', 'Equipment', 'Prediction', 'predictive', 'ASK_COUNT+ASK_CREATE', 'using historical counts, project how many preventive (pm) and corrective (cm) work orders each major description category is likely to generate for cwc04009 over the coming decade.')",aggressive_template_collapse_v1
100,Workorder,Equipment,Prediction,predictive,"Determine which alert or work-order descriptions for CWC04009 exhibit the fastest growth trend, indicating components that may need early replacement in the life-cycle plan.","determine which alert or work-order descriptions for cwc04009 exhibit the fastest growth trend, indicating components that may need early replacement in the life-cycle plan.",Compute year-over-year growth rates of event counts by description for CWC04009; highlight those with the steepest increases.,Source: Maintenance operations; Non-deterministic query allowing multiple valid responses; Category: Prediction,[104],1,1,"['Determine which alert or work-order descriptions for CWC04009 exhibit the fastest growth trend, indicating components that may need early replacement in the life-cycle plan.']",['Compute year-over-year growth rates of event counts by description for CWC04009; highlight those with the steepest increases.'],['Source: Maintenance operations; Non-deterministic query allowing multiple valid responses; Category: Prediction'],ASK_LIST,False,"('Workorder', 'Equipment', 'Prediction', 'predictive', 'ASK_LIST', 'determine which alert or work-order descriptions for cwc04009 exhibit the fastest growth trend, indicating components that may need early replacement in the life-cycle plan.')",aggressive_template_collapse_v1
101,Workorder,Equipment,Prediction,predictive,Analyse sequences where alerts precede corrective work orders on CWC04009 to improve failure anticipation over the asset’s remaining life-cycle.,analyse sequences where alerts precede corrective work orders on cwc04009 to improve failure anticipation over the asset’s remaining life-cycle.,"Identify ALERT → CM WORK_ORDER pairs for CWC04009, measure lead-lag intervals, and summarise patterns that can inform proactive scheduling.",Source: Maintenance operations; Non-deterministic query allowing multiple valid responses; Category: Prediction,[102],1,1,['Analyse sequences where alerts precede corrective work orders on CWC04009 to improve failure anticipation over the asset’s remaining life-cycle.'],"['Identify ALERT → CM WORK_ORDER pairs for CWC04009, measure lead-lag intervals, and summarise patterns that can inform proactive scheduling.']",['Source: Maintenance operations; Non-deterministic query allowing multiple valid responses; Category: Prediction'],ASK_OTHER,False,"('Workorder', 'Equipment', 'Prediction', 'predictive', 'ASK_OTHER', 'analyse sequences where alerts precede corrective work orders on cwc04009 to improve failure anticipation over the asset’s remaining life-cycle.')",aggressive_template_collapse_v1
102,Workorder,Equipment,Prediction,predictive,I would like to predict the next work order probability for the equipment labeled as CWC04013.,i would like to predict the next work order probability for the equipment labeled as cwc04013.,The expected response should be able to identify the next likely work order for CWC04013 based on historical work order patterns.  It should be a list of work order with the probabilities (the summation of the probabilities should be one).,Source: Maintenance operations; Non-deterministic query allowing multiple valid responses; Category: Prediction,[99],1,1,['I would like to predict the next work order probability for the equipment labeled as CWC04013.'],['The expected response should be able to identify the next likely work order for CWC04013 based on historical work order patterns.  It should be a list of work order with the probabilities (the summation of the probabilities should be one).'],['Source: Maintenance operations; Non-deterministic query allowing multiple valid responses; Category: Prediction'],ASK_PREDICT+ASK_WORKORDER,True,"('Workorder', 'Equipment', 'Prediction', 'predictive', 'ASK_PREDICT+ASK_WORKORDER', 'PARAM_LOCK', 99)",aggressive_template_collapse_v1
103,Workorder,Equipment,Prediction,predictive,"Assuming that the current date is 2018-01-02, can you predict next work order probability for me for equipment CWC04009 using predict_next_work_order_probability function?","assuming that the current date is <date>, can you predict next work order probability for me for equipment cwc04009 using predict_next_work_order_probability function?","Freon Management (code MT012) under Maintenance and Routine Checks has a probability of 0.2. The output should have the probability for primary code.  For example, the highest probability of next work order.  The expected response should be able to use historical work order data up to 2018-01-02 for CWC04009 to identify or predict the next work order probability, ensuring no cutoff of results. More specific, It should be a list of work order with the probabilities (the summation of the probabilities should be one).",The output token size changed to 2000 to make sure there is no cut-off of the generated results.,[100],1,2,"['Assuming that the current date is 2018-01-02, can you predict next work order probability for me for equipment CWC04009 using predict_next_work_order_probability function?', 'Assuming that the current date is 2018-01-02, can you predict next work order probability for me for equipment CWC04009?']","['Freon Management (code MT012) under Maintenance and Routine Checks has a probability of 0.2. The output should have the probability for primary code.  For example, the highest probability of next work order.  The expected response should be able to use historical work order data up to 2018-01-02 for CWC04009 to identify or predict the next work order probability, ensuring no cutoff of results. More specific, It should be a list of work order with the probabilities (the summation of the probabilities should be one).', 'Failure codes MT012, MT008, and M013 each have a probability of 0.2. It will predict the next work order probability for CWC04009 using available data up to 2018-01-02.  The expected response should be able to use historical work order data up to 2018-01-02 for CWC04009 to identify or predict the next work order probability, ensuring no cutoff of results. More specific, It should be a list of work order with the probabilities (the summation of the probabilities should be one).']","['The output token size changed to 2000 to make sure there is no cut-off of the generated results.', 'Source: Maintenance operations; Deterministic query with single correct answer; Category: Prediction']",ASK_PREDICT+ASK_WORKORDER,True,"('Workorder', 'Equipment', 'Prediction', 'predictive', 'ASK_PREDICT+ASK_WORKORDER', 'PARAM_LOCK', 100)",aggressive_template_collapse_v1
104,Workorder,Equipment,Prediction,retrospective;predictive;prescriptive,Build a predictive model from historical alerts and work orders of CWC04009 to forecast failures and replacement needs over the forthcoming 10-year horizon.,build a predictive model from historical alerts and work orders of cwc04009 to forecast failures and replacement needs over the forthcoming 10-year horizon.,"Leverage ALERT and WORK_ORDER records (features: description, event_group, event_category, event_time) for CWC04009 to train and validate a model that predicts the likelihood and timing of future failures or required replacements.",Source: Maintenance operations; Non-deterministic query allowing multiple valid responses; Category: Prediction,[101],1,1,['Build a predictive model from historical alerts and work orders of CWC04009 to forecast failures and replacement needs over the forthcoming 10-year horizon.'],"['Leverage ALERT and WORK_ORDER records (features: description, event_group, event_category, event_time) for CWC04009 to train and validate a model that predicts the likelihood and timing of future failures or required replacements.']",['Source: Maintenance operations; Non-deterministic query allowing multiple valid responses; Category: Prediction'],ASK_PREDICT,True,"('Workorder', 'Equipment', 'Prediction', 'retrospective;predictive;prescriptive', 'ASK_PREDICT', 'PARAM_LOCK', 101)",aggressive_template_collapse_v1
105,multiagent,Chiller,Knowledge Query,predictive,Generate an anomaly detection recipe for detecting compressor motor failure for Chiller 6 at MAIN site.,generate an anomaly detection recipe for detecting compressor motor failure for chiller 6 at main site.,the answer should be a detailed anomaly detection recipe for detecting compressor motor failure for chiller,Source: Multi-agent coordination requirements; Non-deterministic query allowing multiple valid responses; Category: Knowledge Query,[134],1,1,['Generate an anomaly detection recipe for detecting compressor motor failure for Chiller 6 at MAIN site.'],['the answer should be a detailed anomaly detection recipe for detecting compressor motor failure for chiller'],['Source: Multi-agent coordination requirements; Non-deterministic query allowing multiple valid responses; Category: Knowledge Query'],ASK_CREATE,False,"('multiagent', 'Chiller', 'Knowledge Query', 'predictive', 'ASK_CREATE', 'generate an anomaly detection recipe for detecting compressor motor failure for chiller <NUM> at main site.')",aggressive_template_collapse_v1
106,multiagent,Chiller,Knowledge Query,predictive,What are the anomaly detection results for Chiller 9's Tonnage and Power Input in the week of 2020-04-27 at the MAIN site?,what are the anomaly detection results for chiller 9's tonnage and power input in the week of <date> at the <site> site?,The expected response should confirm that the agent successfully executed all required actions to retrieve the time-series data for Chiller 9's Tonnage and Power Input at the MAIN site for the specified time range (2020-04-27 to 2020-05-03). It should specify that the agent determined the data does not exist for the requested time period. The response must also mention that the agent attempted multiple actions to retrieve the data and provided clear evidence of the error encountered during the process.,Source: Multi-agent coordination requirements; Deterministic query with single correct answer; Category: Knowledge Query,[114],1,1,"[""What are the anomaly detection results for Chiller 9's Tonnage and Power Input in the week of 2020-04-27 at the MAIN site?""]","[""The expected response should confirm that the agent successfully executed all required actions to retrieve the time-series data for Chiller 9's Tonnage and Power Input at the MAIN site for the specified time range (2020-04-27 to 2020-05-03). It should specify that the agent determined the data does not exist for the requested time period. The response must also mention that the agent attempted multiple actions to retrieve the data and provided clear evidence of the error encountered during the process.""]",['Source: Multi-agent coordination requirements; Deterministic query with single correct answer; Category: Knowledge Query'],ASK_LIST,False,"('multiagent', 'Chiller', 'Knowledge Query', 'predictive', 'ASK_LIST', ""what are the anomaly detection results for chiller <NUM>'s tonnage and power input in the week of <date> at the <site> site?"")",aggressive_template_collapse_v1
107,multiagent,Chiller,Knowledge Query,predictive,What is the predicted energy consumption for Chiller 9 in the week of 2020-04-27 based on data from the MAIN site?,what is the predicted energy consumption for chiller 9 in the week of <date> based on data at the <site> site?,"The expected response should confirm the successful execution of all required actions, ensuring that the correct asset ('Chiller 9'), location (MAIN), and time range (week of 2020-04-27) were used for data retrieval and analysis. It should specify that the agent identified the sensor name (power input sensor) and retrieved the historical energy consumption data for Chiller 9 during the specified time period. The response must also explain that the agent attempted to analyze the data for energy consumption prediction, but was unable to do so due to insufficient data, as the power input for Chiller 9 was consistently 0.0 from 2020-04-20 to 2020-04-25, indicating that the chiller was not operating.",Source: Multi-agent coordination requirements; Deterministic query with single correct answer; Category: Knowledge Query,[111],1,1,['What is the predicted energy consumption for Chiller 9 in the week of 2020-04-27 based on data from the MAIN site?'],"[""The expected response should confirm the successful execution of all required actions, ensuring that the correct asset ('Chiller 9'), location (MAIN), and time range (week of 2020-04-27) were used for data retrieval and analysis. It should specify that the agent identified the sensor name (power input sensor) and retrieved the historical energy consumption data for Chiller 9 during the specified time period. The response must also explain that the agent attempted to analyze the data for energy consumption prediction, but was unable to do so due to insufficient data, as the power input for Chiller 9 was consistently 0.0 from 2020-04-20 to 2020-04-25, indicating that the chiller was not operating.""]",['Source: Multi-agent coordination requirements; Deterministic query with single correct answer; Category: Knowledge Query'],ASK_LIST,False,"('multiagent', 'Chiller', 'Knowledge Query', 'predictive', 'ASK_LIST', 'what is the predicted energy consumption for chiller <NUM> in the week of <date> based on data at the <site> site?')",aggressive_template_collapse_v1
108,multiagent,Chiller,Knowledge Query,predictive,What is the forecast for 'Chiller 9 Condenser Water Flow' in the week of 2020-04-27 based on data from the MAIN site?,what is the forecast for 'chiller 9 condenser water flow' in the week of <date> based on data at the <site> site?,"The expected response should confirm the successful execution of all required actions, ensuring that the correct variables, including the asset ('Chiller 9'), location (MAIN), and time range (week of 2020-04-27), were used for data retrieval and analysis. It should specify that the agent identified the sensors for the asset and site, then located the specific sensor, 'Chiller 9 Condenser Water Flow'. The response must confirm that the agent retrieved the time-series data for this sensor within the specified timeframe and provided the correct file path where the data is stored. Additionally, the response should verify that TSFMAgent was called to analyze the data and perform forecasting using the specified model checkpoint 'ttm_96_28'. The response should confirm that the agent successfully read the JSON file, performed the time-series forecasting, and stored the results in the designated file path.",Source: Multi-agent coordination requirements; Deterministic query with single correct answer; Category: Knowledge Query,[106],1,1,"[""What is the forecast for 'Chiller 9 Condenser Water Flow' in the week of 2020-04-27 based on data from the MAIN site?""]","[""The expected response should confirm the successful execution of all required actions, ensuring that the correct variables, including the asset ('Chiller 9'), location (MAIN), and time range (week of 2020-04-27), were used for data retrieval and analysis. It should specify that the agent identified the sensors for the asset and site, then located the specific sensor, 'Chiller 9 Condenser Water Flow'. The response must confirm that the agent retrieved the time-series data for this sensor within the specified timeframe and provided the correct file path where the data is stored. Additionally, the response should verify that TSFMAgent was called to analyze the data and perform forecasting using the specified model checkpoint 'ttm_96_28'. The response should confirm that the agent successfully read the JSON file, performed the time-series forecasting, and stored the results in the designated file path.""]",['Source: Multi-agent coordination requirements; Deterministic query with single correct answer; Category: Knowledge Query'],ASK_LIST+ASK_PREDICT,True,"('multiagent', 'Chiller', 'Knowledge Query', 'predictive', 'ASK_LIST+ASK_PREDICT', 'PARAM_LOCK', 106)",aggressive_template_collapse_v1
109,multiagent,Chiller,Knowledge Query,predictive,What's the forecast for Chiller 6's Tonnage for next week based on the data from the week of 2020-04-27 at MAIN?,what's the forecast for chiller 6's tonnage for next week based on the data from the week of <date> at main?,"The expected response should confirm the successful execution of all required actions to retrieve the Chiller 6 Tonnage data for the week of 2020-04-27 at MAIN and attempt to forecast for the next week. It should specify that the agent identified an issue with the missing model checkpoint, but effectively queried available pretrained models using the tsfmmodels tool. The response must confirm that after selecting a suitable model, the agent successfully generated the forecast for the next week.",Source: Multi-agent coordination requirements; Deterministic query with single correct answer; Category: Knowledge Query,[109],1,1,"[""What's the forecast for Chiller 6's Tonnage for next week based on the data from the week of 2020-04-27 at MAIN?""]","['The expected response should confirm the successful execution of all required actions to retrieve the Chiller 6 Tonnage data for the week of 2020-04-27 at MAIN and attempt to forecast for the next week. It should specify that the agent identified an issue with the missing model checkpoint, but effectively queried available pretrained models using the tsfmmodels tool. The response must confirm that after selecting a suitable model, the agent successfully generated the forecast for the next week.']",['Source: Multi-agent coordination requirements; Deterministic query with single correct answer; Category: Knowledge Query'],ASK_LIST+ASK_PREDICT,True,"('multiagent', 'Chiller', 'Knowledge Query', 'predictive', 'ASK_LIST+ASK_PREDICT', 'PARAM_LOCK', 109)",aggressive_template_collapse_v1
110,multiagent,Chiller,Knowledge Query,predictive,What is the forecast for Chiller 6's Setpoint Temperature for next week based on the week of 2020-04-27 data?,what is the forecast for chiller 6's setpoint temperature for next week based on the week of <date> data?,"The expected response should confirm the successful execution of all required actions to address the question regarding the forecast for Chiller 6 Setpoint Temperature for the next week, based on data from the week of 2020-04-27. It should specify that the agent first requested and downloaded the data from IoTAgent, then used TSFMAgent to analyze the data and generate a forecast. The response should explain that the agent identified the data had a constant value of 45.5 and produced a forecast with the same constant value for the next week. Additionally, the response should mention that the agent handled the error encountered during the forecasting process by selecting a pretrained model, successfully completing the task.",Source: Multi-agent coordination requirements; Deterministic query with single correct answer; Category: Knowledge Query,[117],1,1,"[""What is the forecast for Chiller 6's Setpoint Temperature for next week based on the week of 2020-04-27 data?""]","['The expected response should confirm the successful execution of all required actions to address the question regarding the forecast for Chiller 6 Setpoint Temperature for the next week, based on data from the week of 2020-04-27. It should specify that the agent first requested and downloaded the data from IoTAgent, then used TSFMAgent to analyze the data and generate a forecast. The response should explain that the agent identified the data had a constant value of 45.5 and produced a forecast with the same constant value for the next week. Additionally, the response should mention that the agent handled the error encountered during the forecasting process by selecting a pretrained model, successfully completing the task.']",['Source: Multi-agent coordination requirements; Deterministic query with single correct answer; Category: Knowledge Query'],ASK_LIST+ASK_PREDICT,True,"('multiagent', 'Chiller', 'Knowledge Query', 'predictive', 'ASK_LIST+ASK_PREDICT', 'PARAM_LOCK', 117)",aggressive_template_collapse_v1
111,multiagent,Chiller,Knowledge Query,predictive,What's the forecast for Chiller 6's future energy consumption for next week based on data from the week of 2020-04-27 at MAIN?,what's the forecast for chiller 6's future energy consumption for next week based on data from the week of <date> at main?,"The expected response should confirm the successful execution of all required actions to address the task regarding the forecast for Chiller 6's future energy consumption. It should specify that the agent first identified any issues with the sensor name and provided a clear explanation. Then, it should explain that the agent retrieved the correct sensor data for Chiller 6 and used it to generate a forecast. The response must also confirm that the agent handled any exceptions, such as the absence of the required sensor, and provided a clear explanation for this. Additionally, the agent should verify that it successfully read the forecast file and provided the forecast for Chiller 6's future energy consumption, generated using the 'ttm_96_28' model. Finally, the response should clearly state the forecast for Chiller 6's future energy consumption and include any relevant details from the forecasting process.",Source: Multi-agent coordination requirements; Deterministic query with single correct answer; Category: Knowledge Query,[119],1,1,"[""What's the forecast for Chiller 6's future energy consumption for next week based on data from the week of 2020-04-27 at MAIN?""]","[""The expected response should confirm the successful execution of all required actions to address the task regarding the forecast for Chiller 6's future energy consumption. It should specify that the agent first identified any issues with the sensor name and provided a clear explanation. Then, it should explain that the agent retrieved the correct sensor data for Chiller 6 and used it to generate a forecast. The response must also confirm that the agent handled any exceptions, such as the absence of the required sensor, and provided a clear explanation for this. Additionally, the agent should verify that it successfully read the forecast file and provided the forecast for Chiller 6's future energy consumption, generated using the 'ttm_96_28' model. Finally, the response should clearly state the forecast for Chiller 6's future energy consumption and include any relevant details from the forecasting process.""]",['Source: Multi-agent coordination requirements; Deterministic query with single correct answer; Category: Knowledge Query'],ASK_LIST+ASK_PREDICT,True,"('multiagent', 'Chiller', 'Knowledge Query', 'predictive', 'ASK_LIST+ASK_PREDICT', 'PARAM_LOCK', 119)",aggressive_template_collapse_v1
112,multiagent,Chiller,Knowledge Query,predictive,What is the forecast for Chiller 6's energy consumption for next week based on data from the week of 2020-04-27 at the MAIN site?,what is the forecast for chiller 6's energy consumption for next week based on data from the week of <date> at the <site> site?,"The expected response should confirm the successful execution of all required actions to address the task of forecasting the energy consumption for the next week. It should specify that the agent first identified the relevant sensor for energy consumption and retrieved the historical data for the specified time range. The agent then verified the structure of the JSON file to ensure it contained the necessary columns, such as the target column 'Chiller 6 Power Input' and the timestamp column 'timestamp'. Despite initial issues with selecting the correct model and parameters, the agent successfully used the correct pretrained model 'ttm_energy_96_28' to analyze the time-series data and forecast the energy consumption. The forecasted results were stored in a file, and the agent provided the file path in the final response.",Source: Multi-agent coordination requirements; Deterministic query with single correct answer; Category: Knowledge Query,[123],1,1,"[""What is the forecast for Chiller 6's energy consumption for next week based on data from the week of 2020-04-27 at the MAIN site?""]","[""The expected response should confirm the successful execution of all required actions to address the task of forecasting the energy consumption for the next week. It should specify that the agent first identified the relevant sensor for energy consumption and retrieved the historical data for the specified time range. The agent then verified the structure of the JSON file to ensure it contained the necessary columns, such as the target column 'Chiller 6 Power Input' and the timestamp column 'timestamp'. Despite initial issues with selecting the correct model and parameters, the agent successfully used the correct pretrained model 'ttm_energy_96_28' to analyze the time-series data and forecast the energy consumption. The forecasted results were stored in a file, and the agent provided the file path in the final response.""]",['Source: Multi-agent coordination requirements; Deterministic query with single correct answer; Category: Knowledge Query'],ASK_LIST+ASK_PREDICT,True,"('multiagent', 'Chiller', 'Knowledge Query', 'predictive', 'ASK_LIST+ASK_PREDICT', 'PARAM_LOCK', 123)",aggressive_template_collapse_v1
113,multiagent,Chiller,Knowledge Query,predictive,Are there any failure modes of Chiller 6 at MAIN site that can be predicted by monitoring the vibration sensor data?,are there any failure modes of chiller 6 at main site that can be predicted by monitoring the vibration sensor data?,"the answer should contain one or more failure modes of Chiller 6. The failure modes of Chiller 6 need to be from the list ['Compressor Overheating: Failed due to Normal wear, overheating', 'Heat Exchangers: Fans: Degraded motor or worn bearing due to Normal use', 'Evaporator Water side fouling', 'Condenser Water side fouling', 'Condenser Improper water side flow rate', 'Purge Unit Excessive purge', 'Refrigerant Operated Control Valve Failed spring']",Source: Multi-agent coordination requirements; Non-deterministic query allowing multiple valid responses; Category: Knowledge Query,[129],1,1,['Are there any failure modes of Chiller 6 at MAIN site that can be predicted by monitoring the vibration sensor data?'],"[""the answer should contain one or more failure modes of Chiller 6. The failure modes of Chiller 6 need to be from the list ['Compressor Overheating: Failed due to Normal wear, overheating', 'Heat Exchangers: Fans: Degraded motor or worn bearing due to Normal use', 'Evaporator Water side fouling', 'Condenser Water side fouling', 'Condenser Improper water side flow rate', 'Purge Unit Excessive purge', 'Refrigerant Operated Control Valve Failed spring']""]",['Source: Multi-agent coordination requirements; Non-deterministic query allowing multiple valid responses; Category: Knowledge Query'],ASK_OTHER,False,"('multiagent', 'Chiller', 'Knowledge Query', 'predictive', 'ASK_OTHER', 'are there any failure modes of chiller <NUM> at main site <SITE> can be predicted by monitoring the vibration sensor data?')",aggressive_template_collapse_v1
114,multiagent,Chiller,Knowledge Query,predictive,Has any anomaly been detected in Chiller 6's Return Temperature in the week of 2020-04-27 at the MAIN site?,has any anomaly been detected in chiller 6's return temperature in the week of <date> at the <site> site?,"The expected response should confirm the successful execution of all necessary actions, ensuring that the correct asset (Chiller 6) and location (MAIN) were used to verify the availability of the dataset for the specified time range (week of 2020-04-27). It should specify that the agent queried the history for the Return Temperature sensor, found data observations.",Source: Multi-agent coordination requirements; Deterministic query with single correct answer; Category: Knowledge Query,[116],1,1,"[""Has any anomaly been detected in Chiller 6's Return Temperature in the week of 2020-04-27 at the MAIN site?""]","['The expected response should confirm the successful execution of all necessary actions, ensuring that the correct asset (Chiller 6) and location (MAIN) were used to verify the availability of the dataset for the specified time range (week of 2020-04-27). It should specify that the agent queried the history for the Return Temperature sensor, found data observations.']",['Source: Multi-agent coordination requirements; Deterministic query with single correct answer; Category: Knowledge Query'],ASK_OTHER,False,"('multiagent', 'Chiller', 'Knowledge Query', 'predictive', 'ASK_OTHER', ""has any anomaly been detected in chiller <NUM>'s return temperature in the week of <date> at the <site> site?"")",aggressive_template_collapse_v1
115,multiagent,Chiller,Knowledge Query,predictive,Is there any anomaly detected in Chiller 9's Condenser Water Flow in the week of 2020-04-27 at MAIN?,is there any anomaly detected in chiller 9's condenser water flow in the week of <date> at main?,"The expected response should confirm the successful execution of all required actions, ensuring that the correct variables, including the asset ('Chiller 9'), location (MAIN), and time range (week of 2020-04-27), were used for data retrieval and analysis. It should specify that the agent called IoTAgent to request and download the Condenser Water Flow data for Chiller 9 at the MAIN site for the specified week. The response must confirm that the agent analyzed the downloaded time-series data for anomalies using TSFMAgent. Additionally, the response should explicitly state that the agent provided the file path where the data is stored and that the analysis results were reviewed. The response must confirm that no anomalies were detected in Chiller 9's Condenser Water Flow during the specified week at the MAIN site.",Source: Multi-agent coordination requirements; Deterministic query with single correct answer; Category: Knowledge Query,[110],1,1,"[""Is there any anomaly detected in Chiller 9's Condenser Water Flow in the week of 2020-04-27 at MAIN?""]","[""The expected response should confirm the successful execution of all required actions, ensuring that the correct variables, including the asset ('Chiller 9'), location (MAIN), and time range (week of 2020-04-27), were used for data retrieval and analysis. It should specify that the agent called IoTAgent to request and download the Condenser Water Flow data for Chiller 9 at the MAIN site for the specified week. The response must confirm that the agent analyzed the downloaded time-series data for anomalies using TSFMAgent. Additionally, the response should explicitly state that the agent provided the file path where the data is stored and that the analysis results were reviewed. The response must confirm that no anomalies were detected in Chiller 9's Condenser Water Flow during the specified week at the MAIN site.""]",['Source: Multi-agent coordination requirements; Deterministic query with single correct answer; Category: Knowledge Query'],ASK_OTHER,False,"('multiagent', 'Chiller', 'Knowledge Query', 'predictive', 'ASK_OTHER', ""is there any anomaly detected in chiller <NUM>'s condenser water flow in the week of <date> at main?"")",aggressive_template_collapse_v1
116,multiagent,Chiller,Knowledge Query,predictive,Is there any anomaly detected in Chiller 9's Power Input in the week of 2020-04-27 at MAIN?,is there any anomaly detected in chiller 9's power input in the week of <date> at main?,"The expected response should confirm the successful execution of all required actions to address the task regarding the detection of anomalies in Chiller 9's Power Input. It should specify that the agent first requested and retrieved the necessary Chiller 9 Power Input data from IoTAgent, then used TSFMAgent to analyze the data for anomalies. The response should clarify that the agent successfully identified no anomalies and provide the file path where the data is stored, as well as the location of the output file containing the anomaly detection results.",Source: Multi-agent coordination requirements; Deterministic query with single correct answer; Category: Knowledge Query,[122],1,1,"[""Is there any anomaly detected in Chiller 9's Power Input in the week of 2020-04-27 at MAIN?""]","[""The expected response should confirm the successful execution of all required actions to address the task regarding the detection of anomalies in Chiller 9's Power Input. It should specify that the agent first requested and retrieved the necessary Chiller 9 Power Input data from IoTAgent, then used TSFMAgent to analyze the data for anomalies. The response should clarify that the agent successfully identified no anomalies and provide the file path where the data is stored, as well as the location of the output file containing the anomaly detection results.""]",['Source: Multi-agent coordination requirements; Deterministic query with single correct answer; Category: Knowledge Query'],ASK_OTHER,False,"('multiagent', 'Chiller', 'Knowledge Query', 'predictive', 'ASK_OTHER', ""is there any anomaly detected in chiller <NUM>'s power input in the week of <date> at main?"")",aggressive_template_collapse_v1
117,multiagent,Chiller,Knowledge Query,predictive,Is there any anomaly detected in Chiller 6's Tonnage in the week of 2020-04-27 at the MAIN site?,is there any anomaly detected in chiller 6's tonnage in the week of <date> at the <site> site?,"The expected response should confirm the successful execution of all required actions while ensuring the correct variables, including the asset (Chiller 6), location (MAIN), and time range (week of 2020-04-27), were used for data retrieval and analysis. It should specify that IoTAgent was called to request and download the data, and TSFMAgent was properly utilized to perform Time Series anomaly detection on the Tonnage parameter. The response must also verify that the data was accurately stored in the designated file location, and that the analysis results were saved to a new file. Additionally, the response should explicitly confirm the detection of anomalies in Chiller 6's Tonnage during the specified timeframe at the MAIN site, as these anomalies were anticipated.",Source: Multi-agent coordination requirements; Deterministic query with single correct answer; Category: Knowledge Query,[105],1,1,"[""Is there any anomaly detected in Chiller 6's Tonnage in the week of 2020-04-27 at the MAIN site?""]","[""The expected response should confirm the successful execution of all required actions while ensuring the correct variables, including the asset (Chiller 6), location (MAIN), and time range (week of 2020-04-27), were used for data retrieval and analysis. It should specify that IoTAgent was called to request and download the data, and TSFMAgent was properly utilized to perform Time Series anomaly detection on the Tonnage parameter. The response must also verify that the data was accurately stored in the designated file location, and that the analysis results were saved to a new file. Additionally, the response should explicitly confirm the detection of anomalies in Chiller 6's Tonnage during the specified timeframe at the MAIN site, as these anomalies were anticipated.""]",['Source: Multi-agent coordination requirements; Deterministic query with single correct answer; Category: Knowledge Query'],ASK_OTHER,False,"('multiagent', 'Chiller', 'Knowledge Query', 'predictive', 'ASK_OTHER', ""is there any anomaly detected in chiller <NUM>'s tonnage in the week of <date> at the <site> site?"")",aggressive_template_collapse_v1
118,multiagent,Chiller,Knowledge Query,predictive,Can you forecast Chiller 6's performance for next week based on the data from 2020-04-27 at the MAIN site?,can you forecast chiller 6's performance for next week based on the data from <date> at the <site> site?,"The expected response should confirm the successful execution of all required actions, ensuring that the correct asset ('Chiller 6'), location (MAIN), and time range (week of 2020-04-27) were used for data retrieval and analysis. It should specify that the agent called IoTAgent to request and retrieve the necessary data (specially Chiller 6 Tonnage) for Chiller 6, then used TSFMAgent to analyze the data and generate a forecast for the following week. The response must also confirm that the forecasting results were stored in a designated file and that the model used for forecasting was specified as 'ttm_96_28'.",Source: Multi-agent coordination requirements; Deterministic query with single correct answer; Category: Knowledge Query,[108],1,1,"[""Can you forecast Chiller 6's performance for next week based on the data from 2020-04-27 at the MAIN site?""]","[""The expected response should confirm the successful execution of all required actions, ensuring that the correct asset ('Chiller 6'), location (MAIN), and time range (week of 2020-04-27) were used for data retrieval and analysis. It should specify that the agent called IoTAgent to request and retrieve the necessary data (specially Chiller 6 Tonnage) for Chiller 6, then used TSFMAgent to analyze the data and generate a forecast for the following week. The response must also confirm that the forecasting results were stored in a designated file and that the model used for forecasting was specified as 'ttm_96_28'.""]",['Source: Multi-agent coordination requirements; Deterministic query with single correct answer; Category: Knowledge Query'],ASK_PREDICT,True,"('multiagent', 'Chiller', 'Knowledge Query', 'predictive', 'ASK_PREDICT', 'PARAM_LOCK', 108)",aggressive_template_collapse_v1
119,multiagent,Chiller,Knowledge Query,predictive,Can you predict Chiller 9's energy usage for next week based on data from the week of 2020-04-27 at MAIN?,can you predict chiller 9's energy usage for next week based on data from the week of <date> at main?,"The expected response should confirm the successful execution of all required actions, ensuring that the correct asset (Chiller 9) and location (MAIN site) were used for data retrieval and analysis. It should specify that the agent first identified the sensors for Chiller 9, then selected the Chiller 9 Power Input sensor, and successfully retrieved the energy usage data for the specified time period. The response should confirm that the agent provided the file path where the data is stored. Additionally, it should mention that although the agent initially encountered errors while analyzing the data and making predictions, it successfully corrected its mistakes and finetuned a Time Series Forecasting model using the provided data. The agent should have used the finetuned model to generate predictions for the next week, with the results being stored in the specified file.",Source: Multi-agent coordination requirements; Deterministic query with single correct answer; Category: Knowledge Query,[115],1,1,"[""Can you predict Chiller 9's energy usage for next week based on data from the week of 2020-04-27 at MAIN?""]","['The expected response should confirm the successful execution of all required actions, ensuring that the correct asset (Chiller 9) and location (MAIN site) were used for data retrieval and analysis. It should specify that the agent first identified the sensors for Chiller 9, then selected the Chiller 9 Power Input sensor, and successfully retrieved the energy usage data for the specified time period. The response should confirm that the agent provided the file path where the data is stored. Additionally, it should mention that although the agent initially encountered errors while analyzing the data and making predictions, it successfully corrected its mistakes and finetuned a Time Series Forecasting model using the provided data. The agent should have used the finetuned model to generate predictions for the next week, with the results being stored in the specified file.']",['Source: Multi-agent coordination requirements; Deterministic query with single correct answer; Category: Knowledge Query'],ASK_PREDICT,True,"('multiagent', 'Chiller', 'Knowledge Query', 'predictive', 'ASK_PREDICT', 'PARAM_LOCK', 115)",aggressive_template_collapse_v1
120,multiagent,Chiller,Knowledge Query,predictive,Can you predict Chiller 9's performance for next week based on data from the week of 2020-04-27 at MAIN?,can you predict chiller 9's performance for next week based on data from the week of <date> at main?,"The expected response should confirm the successful execution of all required actions to address the question regarding the forecasting of Chiller 9's performance for the next week, using data from the specified time period and location. It should specify that the agent first retrieved the performance data for Chiller 9 and then used TSFMAgent to generate the prediction. The response must clarify that the forecasting results were successfully stored and the model used was 'ttm_96_28'.",Source: Multi-agent coordination requirements; Deterministic query with single correct answer; Category: Knowledge Query,[118],1,1,"[""Can you predict Chiller 9's performance for next week based on data from the week of 2020-04-27 at MAIN?""]","[""The expected response should confirm the successful execution of all required actions to address the question regarding the forecasting of Chiller 9's performance for the next week, using data from the specified time period and location. It should specify that the agent first retrieved the performance data for Chiller 9 and then used TSFMAgent to generate the prediction. The response must clarify that the forecasting results were successfully stored and the model used was 'ttm_96_28'.""]",['Source: Multi-agent coordination requirements; Deterministic query with single correct answer; Category: Knowledge Query'],ASK_PREDICT,True,"('multiagent', 'Chiller', 'Knowledge Query', 'predictive', 'ASK_PREDICT', 'PARAM_LOCK', 118)",aggressive_template_collapse_v1
121,multiagent,Chiller,Knowledge Query,predictive,Can you forecast energy usage for Chiller 9 for next week using data from the week of 2020-04-27 at the MAIN site?,can you forecast energy usage for chiller 9 for next week using data from the week of <date> at the <site> site?,"The expected response should confirm the successful execution of all required actions to address the task of forecasting Chiller 9's Power Input. It should specify that the agent first identified and resolved multiple issues, including the missing timestamp column, incorrect model checkpoint, and incorrect target column. After these issues were corrected, the agent used the pretrained model 'ttm_96_28' to generate the forecasting results. The response should emphasize that the agent successfully handled the corrections and produced the forecasting results, with no further errors encountered during the process.",Source: Multi-agent coordination requirements; Deterministic query with single correct answer; Category: Knowledge Query,[121],1,1,['Can you forecast energy usage for Chiller 9 for next week using data from the week of 2020-04-27 at the MAIN site?'],"[""The expected response should confirm the successful execution of all required actions to address the task of forecasting Chiller 9's Power Input. It should specify that the agent first identified and resolved multiple issues, including the missing timestamp column, incorrect model checkpoint, and incorrect target column. After these issues were corrected, the agent used the pretrained model 'ttm_96_28' to generate the forecasting results. The response should emphasize that the agent successfully handled the corrections and produced the forecasting results, with no further errors encountered during the process.""]",['Source: Multi-agent coordination requirements; Deterministic query with single correct answer; Category: Knowledge Query'],ASK_PREDICT,True,"('multiagent', 'Chiller', 'Knowledge Query', 'predictive', 'ASK_PREDICT', 'PARAM_LOCK', 121)",aggressive_template_collapse_v1
122,multiagent,Chiller,Knowledge Query,prescriptive,Generate a machine learning recipe for detecting overheating failure for Chiller 6 at MAIN site. Result should include feature sensors and target sensor.,generate a machine learning recipe for detecting overheating failure for chiller 6 at main site. result should include feature sensors and target sensor.,the answer should be a machine learning recipe for detecting overheating failure for Chiller 6. the answer should include the sensors that can be used to detect the failure of overheating for Chiller 6,Source: Multi-agent coordination requirements; Non-deterministic query allowing multiple valid responses; Category: Knowledge Query,[136],1,1,['Generate a machine learning recipe for detecting overheating failure for Chiller 6 at MAIN site. Result should include feature sensors and target sensor.'],['the answer should be a machine learning recipe for detecting overheating failure for Chiller 6. the answer should include the sensors that can be used to detect the failure of overheating for Chiller 6'],['Source: Multi-agent coordination requirements; Non-deterministic query allowing multiple valid responses; Category: Knowledge Query'],ASK_CREATE,False,"('multiagent', 'Chiller', 'Knowledge Query', 'prescriptive', 'ASK_CREATE', 'generate a machine learning recipe for detecting overheating failure for chiller <NUM> at main site. result should include feature sensors and target sensor.')",aggressive_template_collapse_v1
123,multiagent,Chiller,Knowledge Query,prescriptive,"I want to build an anomaly model for identifying a chiller trip failure for MAIN chiller 6. Provide me a list of sensors that I should use, along with the temporal behavior,","i want to build an anomaly model for identifying a chiller trip failure for main chiller 6. provide me a list of sensors that i should use, along with the temporal behavior,","the answer should contain how to build an anomaly model for identifying a chiller trip failure for MAIN chiller 6. The answer should include sensors that I should use, along with the temporal behavior,",Source: Multi-agent coordination requirements; Non-deterministic query allowing multiple valid responses; Category: Knowledge Query,[140],1,1,"['I want to build an anomaly model for identifying a chiller trip failure for MAIN chiller 6. Provide me a list of sensors that I should use, along with the temporal behavior,']","['the answer should contain how to build an anomaly model for identifying a chiller trip failure for MAIN chiller 6. The answer should include sensors that I should use, along with the temporal behavior,']",['Source: Multi-agent coordination requirements; Non-deterministic query allowing multiple valid responses; Category: Knowledge Query'],ASK_LIST,False,"('multiagent', 'Chiller', 'Knowledge Query', 'prescriptive', 'ASK_LIST', 'i want to build an anomaly model for identifying a chiller trip failure for main chiller <NUM>. provide me a list of sensors that i should use, along with the temporal behavior,')",aggressive_template_collapse_v1
124,multiagent,Chiller,Knowledge Query,prescriptive," If compressor overheating occurs for Chiller 6 at MAIN site, which sensor should be prioritized for monitoring this specific failure?","if compressor overheating occurs for chiller 6 at main site, which sensor should be prioritized for monitoring this specific failure?","the answer should contain one of more sensors of Chiller 6. The sensors of Chiller 6 need to be from the list [Chiller 6 Chiller % Loaded, Chiller 6 Chiller Efficiency, Chiller 6 Condenser Water Flow, Chiller 6 Condenser Water Return To Tower Temperature, Chiller 6 Liquid Refrigerant Evaporator Temperature, Chiller 6 Power Input, Chiller 6 Return Temperature, Chiller 6 Schedule, Chiller 6 Supply Temperature, Chiller 6 Tonnage.] ",Source: Multi-agent coordination requirements; Non-deterministic query allowing multiple valid responses; Category: Knowledge Query,[131],1,1,"[' If compressor overheating occurs for Chiller 6 at MAIN site, which sensor should be prioritized for monitoring this specific failure?']","['the answer should contain one of more sensors of Chiller 6. The sensors of Chiller 6 need to be from the list [Chiller 6 Chiller % Loaded, Chiller 6 Chiller Efficiency, Chiller 6 Condenser Water Flow, Chiller 6 Condenser Water Return To Tower Temperature, Chiller 6 Liquid Refrigerant Evaporator Temperature, Chiller 6 Power Input, Chiller 6 Return Temperature, Chiller 6 Schedule, Chiller 6 Supply Temperature, Chiller 6 Tonnage.] ']",['Source: Multi-agent coordination requirements; Non-deterministic query allowing multiple valid responses; Category: Knowledge Query'],ASK_LIST,False,"('multiagent', 'Chiller', 'Knowledge Query', 'prescriptive', 'ASK_LIST', 'if compressor overheating occurs for chiller <NUM> at main site, which sensor should be prioritized for monitoring this specific failure?')",aggressive_template_collapse_v1
125,multiagent,Chiller,Knowledge Query,retrospective,Can you detect any anomalies in Chiller 6's Condenser Water Flow in the week of 2020-04-27 at MAIN?,can you detect any anomalies in chiller 6's condenser water flow in the week of <date> at main?,"The expected response should confirm the successful execution of all required actions, ensuring that the correct asset ('Chiller 6'), location (MAIN), and time range (week of 2020-04-27) were used for data retrieval and analysis. It should specify that the agent successfully retrieved the Condenser Water Flow data for Chiller 6 at MAIN during the specified time period and then used TSFMAgent to analyze the data for anomalies. The response optionally explain that the agent encountered multiple errors but resolved them by providing the missing timestamp_column, increasing the n_calibration parameter, and adjusting the false_alarm parameter. Additionally, the response should confirm that the anomaly detection was successfully completed and that the results were saved to the specified file. The response must include the file location, the number of records (1 record), and the fact that 0 anomalies were detected in the dataset.",Source: Multi-agent coordination requirements; Deterministic query with single correct answer; Category: Knowledge Query,[113],1,2,"[""Can you detect any anomalies in Chiller 6's Condenser Water Flow in the week of 2020-04-27 at MAIN?"", ""Can you detect any anomalies in Chiller 9's Condenser Water Flow in the week of 2020-04-27 at MAIN?""]","[""The expected response should confirm the successful execution of all required actions, ensuring that the correct asset ('Chiller 6'), location (MAIN), and time range (week of 2020-04-27) were used for data retrieval and analysis. It should specify that the agent successfully retrieved the Condenser Water Flow data for Chiller 6 at MAIN during the specified time period and then used TSFMAgent to analyze the data for anomalies. The response optionally explain that the agent encountered multiple errors but resolved them by providing the missing timestamp_column, increasing the n_calibration parameter, and adjusting the false_alarm parameter. Additionally, the response should confirm that the anomaly detection was successfully completed and that the results were saved to the specified file. The response must include the file location, the number of records (1 record), and the fact that 0 anomalies were detected in the dataset."", ""The expected response should confirm the successful execution of all required actions to address the question regarding the detection of anomalies in Chiller 9's Condenser Water Flow during the week of 2020-04-27 at the MAIN site. It should specify that the agent first requested and downloaded the necessary Condenser Water Flow data. Then, it should explain that the agent used TSFMAgent to analyze the data for anomalies, encountered errors with the anomaly detection tool, but correctly identified that no anomalies were detected. The response must clearly state that no anomalies were found.""]",['Source: Multi-agent coordination requirements; Deterministic query with single correct answer; Category: Knowledge Query'],ASK_ANOMALY,False,"('multiagent', 'Chiller', 'Knowledge Query', 'retrospective', 'ASK_ANOMALY', ""can you detect any anomalies in chiller <NUM>'s condenser water flow in the week of <date> at main?"")",aggressive_template_collapse_v1
126,multiagent,Chiller,Knowledge Query,retrospective,"Purge unit of chiller 6 at MAIN site have possibility to excess purge, what is the plan by the maintenance experts to early detect the failure?","purge unit of chiller 6 at main site have possibility to excess purge, what is the plan by the maintenance experts to early detect the failure?",the answer should be a plan by the maintenance experts to early detect the failure of purge unit of chiller 6. the answer should include the sensors that can be used to detect the failure of purge unit of chiller 6,Source: Multi-agent coordination requirements; Non-deterministic query allowing multiple valid responses; Category: Knowledge Query,[135],1,1,"['Purge unit of chiller 6 at MAIN site have possibility to excess purge, what is the plan by the maintenance experts to early detect the failure?']",['the answer should be a plan by the maintenance experts to early detect the failure of purge unit of chiller 6. the answer should include the sensors that can be used to detect the failure of purge unit of chiller 6'],['Source: Multi-agent coordination requirements; Non-deterministic query allowing multiple valid responses; Category: Knowledge Query'],ASK_ANOMALY+ASK_LIST,False,"('multiagent', 'Chiller', 'Knowledge Query', 'retrospective', 'ASK_ANOMALY+ASK_LIST', 'purge unit of chiller <NUM> at main site <SITE> possibility to excess purge, what is the plan by the maintenance experts to early detect the failure?')",aggressive_template_collapse_v1
127,multiagent,Chiller,Knowledge Query,retrospective," If Evaporator Water side fouling occurs for Chiller 6 at MAIN site, which sensor is most relevant for monitoring this specific failure?","if evaporator water side fouling occurs for chiller 6 at main site, which sensor is most relevant for monitoring this specific failure?","the answer should contain one of more sensors of Chiller 6. The sensors of Chiller 6 need to be from the list [Chiller 6 Chiller % Loaded, Chiller 6 Chiller Efficiency, Chiller 6 Condenser Water Flow, Chiller 6 Condenser Water Return To Tower Temperature, Chiller 6 Liquid Refrigerant Evaporator Temperature, Chiller 6 Power Input, Chiller 6 Return Temperature, Chiller 6 Schedule, Chiller 6 Supply Temperature, Chiller 6 Tonnage.] ",Source: Multi-agent coordination requirements; Non-deterministic query allowing multiple valid responses; Category: Knowledge Query,[132],1,1,"[' If Evaporator Water side fouling occurs for Chiller 6 at MAIN site, which sensor is most relevant for monitoring this specific failure?']","['the answer should contain one of more sensors of Chiller 6. The sensors of Chiller 6 need to be from the list [Chiller 6 Chiller % Loaded, Chiller 6 Chiller Efficiency, Chiller 6 Condenser Water Flow, Chiller 6 Condenser Water Return To Tower Temperature, Chiller 6 Liquid Refrigerant Evaporator Temperature, Chiller 6 Power Input, Chiller 6 Return Temperature, Chiller 6 Schedule, Chiller 6 Supply Temperature, Chiller 6 Tonnage.] ']",['Source: Multi-agent coordination requirements; Non-deterministic query allowing multiple valid responses; Category: Knowledge Query'],ASK_LIST,False,"('multiagent', 'Chiller', 'Knowledge Query', 'retrospective', 'ASK_LIST', 'if evaporator water side fouling occurs for chiller <NUM> at main site, which sensor is most relevant for monitoring this specific failure?')",aggressive_template_collapse_v1
128,multiagent,Chiller,Knowledge Query,retrospective,List all failure modes of asset Chiller 6 at MAIN site.,list all failure modes of asset chiller 6 at main site.,"The failure modes for Chiller 6 are: ['Compressor Overheating: Failed due to Normal wear, overheating', 'Heat Exchangers: Fans: Degraded motor or worn bearing due to Normal use', 'Evaporator Water side fouling', 'Condenser Water side fouling', 'Condenser Improper water side flow rate', 'Purge Unit Excessive purge', 'Refrigerant Operated Control Valve Failed spring']",Source: Multi-agent coordination requirements; Deterministic query with single correct answer; Category: Knowledge Query,[124],1,1,['List all failure modes of asset Chiller 6 at MAIN site.'],"[""The failure modes for Chiller 6 are: ['Compressor Overheating: Failed due to Normal wear, overheating', 'Heat Exchangers: Fans: Degraded motor or worn bearing due to Normal use', 'Evaporator Water side fouling', 'Condenser Water side fouling', 'Condenser Improper water side flow rate', 'Purge Unit Excessive purge', 'Refrigerant Operated Control Valve Failed spring']"", ""The failure modes of asset Chiller 6 are: ['Compressor Overheating: Failed due to Normal wear, overheating', 'Heat Exchangers: Fans: Degraded motor or worn bearing due to Normal use', 'Evaporator Water side fouling', 'Condenser Water side fouling', 'Condenser Improper water side flow rate', 'Purge Unit Excessive purge', 'Refrigerant Operated Control Valve Failed spring']""]",['Source: Multi-agent coordination requirements; Deterministic query with single correct answer; Category: Knowledge Query'],ASK_LIST,False,"('multiagent', 'Chiller', 'Knowledge Query', 'retrospective', 'ASK_LIST', 'list all failure modes of asset chiller <NUM> at main site.')",aggressive_template_collapse_v1
129,multiagent,Chiller,Knowledge Query,retrospective,List all failure modes of Chiller 6 at MAIN site that can be detected by Chiller 6 Chiller Efficiency.,list all failure modes of chiller 6 at main site that can be detected by chiller 6 chiller efficiency.,"the answer should contain one or more failure modes of Chiller 6. The failure modes of Chiller 6 need to be from the list ['Compressor Overheating: Failed due to Normal wear, overheating', 'Heat Exchangers: Fans: Degraded motor or worn bearing due to Normal use', 'Evaporator Water side fouling', 'Condenser Water side fouling', 'Condenser Improper water side flow rate', 'Purge Unit Excessive purge', 'Refrigerant Operated Control Valve Failed spring']",Source: Multi-agent coordination requirements; Non-deterministic query allowing multiple valid responses; Category: Knowledge Query,[126],1,1,['List all failure modes of Chiller 6 at MAIN site that can be detected by Chiller 6 Chiller Efficiency.'],"[""the answer should contain one or more failure modes of Chiller 6. The failure modes of Chiller 6 need to be from the list ['Compressor Overheating: Failed due to Normal wear, overheating', 'Heat Exchangers: Fans: Degraded motor or worn bearing due to Normal use', 'Evaporator Water side fouling', 'Condenser Water side fouling', 'Condenser Improper water side flow rate', 'Purge Unit Excessive purge', 'Refrigerant Operated Control Valve Failed spring']""]",['Source: Multi-agent coordination requirements; Non-deterministic query allowing multiple valid responses; Category: Knowledge Query'],ASK_LIST,False,"('multiagent', 'Chiller', 'Knowledge Query', 'retrospective', 'ASK_LIST', 'list all failure modes of chiller <NUM> at main site <SITE> can be detected by chiller <NUM> chiller efficiency.')",aggressive_template_collapse_v1
130,multiagent,Chiller,Knowledge Query,retrospective,List all failure modes of Chiller 6 at MAIN site that can be detected by temperature sensors and power input sensors.,list all failure modes of chiller 6 at main site that can be detected by temperature sensors and power input sensors.,"the answer should contain one or more failure modes of Chiller 6. The failure modes of Chiller 6 need to be from the list ['Compressor Overheating: Failed due to Normal wear, overheating', 'Heat Exchangers: Fans: Degraded motor or worn bearing due to Normal use', 'Evaporator Water side fouling', 'Condenser Water side fouling', 'Condenser Improper water side flow rate', 'Purge Unit Excessive purge', 'Refrigerant Operated Control Valve Failed spring']",Source: Multi-agent coordination requirements; Non-deterministic query allowing multiple valid responses; Category: Knowledge Query,[127],1,2,"['List all failure modes of Chiller 6 at MAIN site that can be detected by temperature sensors.', 'List all failure modes of Chiller 6 at MAIN site that can be detected by temperature sensors and power input sensors.']","[""the answer should contain one or more failure modes of Chiller 6. The failure modes of Chiller 6 need to be from the list ['Compressor Overheating: Failed due to Normal wear, overheating', 'Heat Exchangers: Fans: Degraded motor or worn bearing due to Normal use', 'Evaporator Water side fouling', 'Condenser Water side fouling', 'Condenser Improper water side flow rate', 'Purge Unit Excessive purge', 'Refrigerant Operated Control Valve Failed spring']""]",['Source: Multi-agent coordination requirements; Non-deterministic query allowing multiple valid responses; Category: Knowledge Query'],ASK_LIST,False,"('multiagent', 'Chiller', 'Knowledge Query', 'retrospective', 'ASK_LIST', 'list all failure modes of chiller <NUM> at main site <SITE> can be detected by temperature sensors and power input sensors.')",aggressive_template_collapse_v1
131,multiagent,Chiller,Knowledge Query,retrospective,List all installed sensors of asset Chiller 6 at MAIN site.,list all installed sensors of asset chiller 6 at main site.,"The installed sensors of asset Chiller 6 are: Chiller 6 Chiller % Loaded, Chiller 6 Chiller Efficiency, Chiller 6 Condenser Water Flow, Chiller 6 Condenser Water Return To Tower Temperature, Chiller 6 Liquid Refrigerant Evaporator Temperature, Chiller 6 Power Input, Chiller 6 Return Temperature, Chiller 6 Schedule, Chiller 6 Supply Temperature, Chiller 6 Tonnage.",Source: Multi-agent coordination requirements; Deterministic query with single correct answer; Category: Knowledge Query,[125],1,1,['List all installed sensors of asset Chiller 6 at MAIN site.'],"['The installed sensors of asset Chiller 6 are: Chiller 6 Chiller % Loaded, Chiller 6 Chiller Efficiency, Chiller 6 Condenser Water Flow, Chiller 6 Condenser Water Return To Tower Temperature, Chiller 6 Liquid Refrigerant Evaporator Temperature, Chiller 6 Power Input, Chiller 6 Return Temperature, Chiller 6 Schedule, Chiller 6 Supply Temperature, Chiller 6 Tonnage.']",['Source: Multi-agent coordination requirements; Deterministic query with single correct answer; Category: Knowledge Query'],ASK_LIST,False,"('multiagent', 'Chiller', 'Knowledge Query', 'retrospective', 'ASK_LIST', 'list all installed sensors of asset chiller <NUM> at main site.')",aggressive_template_collapse_v1
132,multiagent,Chiller,Knowledge Query,retrospective,List all sensors of Chiller 6 at MAIN site that are potentially relevant to Compressor Overheating.,list all sensors of chiller 6 at main site that are potentially relevant to compressor overheating.,"the answer should contain one or more failure modes of Chiller 6. The failure modes of Chiller 6 need to be from the list ['Compressor Overheating: Failed due to Normal wear, overheating', 'Heat Exchangers: Fans: Degraded motor or worn bearing due to Normal use', 'Evaporator Water side fouling', 'Condenser Water side fouling', 'Condenser Improper water side flow rate', 'Purge Unit Excessive purge', 'Refrigerant Operated Control Valve Failed spring']",Source: Multi-agent coordination requirements; Non-deterministic query allowing multiple valid responses; Category: Knowledge Query,[130],1,1,['List all sensors of Chiller 6 at MAIN site that are potentially relevant to Compressor Overheating.'],"[""the answer should contain one or more failure modes of Chiller 6. The failure modes of Chiller 6 need to be from the list ['Compressor Overheating: Failed due to Normal wear, overheating', 'Heat Exchangers: Fans: Degraded motor or worn bearing due to Normal use', 'Evaporator Water side fouling', 'Condenser Water side fouling', 'Condenser Improper water side flow rate', 'Purge Unit Excessive purge', 'Refrigerant Operated Control Valve Failed spring']""]",['Source: Multi-agent coordination requirements; Non-deterministic query allowing multiple valid responses; Category: Knowledge Query'],ASK_LIST,False,"('multiagent', 'Chiller', 'Knowledge Query', 'retrospective', 'ASK_LIST', 'list all sensors of chiller <NUM> at main site <SITE> are potentially relevant to compressor overheating.')",aggressive_template_collapse_v1
133,multiagent,Chiller,Knowledge Query,retrospective,What are the failure modes of Chiller 6 at MAIN site that can be identified by analyzing the data from the available sensors?,what are the failure modes of chiller 6 at main site that can be identified by analyzing the data from the available sensors?,"the answer should contain one or more failure modes of Chiller 6. The failure modes of Chiller 6 need to be from the list ['Compressor Overheating: Failed due to Normal wear, overheating', 'Heat Exchangers: Fans: Degraded motor or worn bearing due to Normal use', 'Evaporator Water side fouling', 'Condenser Water side fouling', 'Condenser Improper water side flow rate', 'Purge Unit Excessive purge', 'Refrigerant Operated Control Valve Failed spring']",Source: Multi-agent coordination requirements; Non-deterministic query allowing multiple valid responses; Category: Knowledge Query,[133],1,1,['What are the failure modes of Chiller 6 at MAIN site that can be identified by analyzing the data from the available sensors?'],"[""the answer should contain one or more failure modes of Chiller 6. The failure modes of Chiller 6 need to be from the list ['Compressor Overheating: Failed due to Normal wear, overheating', 'Heat Exchangers: Fans: Degraded motor or worn bearing due to Normal use', 'Evaporator Water side fouling', 'Condenser Water side fouling', 'Condenser Improper water side flow rate', 'Purge Unit Excessive purge', 'Refrigerant Operated Control Valve Failed spring']""]",['Source: Multi-agent coordination requirements; Non-deterministic query allowing multiple valid responses; Category: Knowledge Query'],ASK_LIST,False,"('multiagent', 'Chiller', 'Knowledge Query', 'retrospective', 'ASK_LIST', 'what are the failure modes of chiller <NUM> at main site <SITE> can be identified by analyzing the data from the available sensors?')",aggressive_template_collapse_v1
134,multiagent,Chiller,Knowledge Query,retrospective,"When compressor motor of Chiller 6 at MAIN site fails, what is the temporal behavior of the power input?","when compressor motor of chiller 6 at main site fails, what is the temporal behavior of the power input?",the answer should describe the temporal behavior of the power input of Chiller 6,Source: Multi-agent coordination requirements; Non-deterministic query allowing multiple valid responses; Category: Knowledge Query,[137],1,1,"['When compressor motor of Chiller 6 at MAIN site fails, what is the temporal behavior of the power input?']",['the answer should describe the temporal behavior of the power input of Chiller 6'],['Source: Multi-agent coordination requirements; Non-deterministic query allowing multiple valid responses; Category: Knowledge Query'],ASK_LIST,False,"('multiagent', 'Chiller', 'Knowledge Query', 'retrospective', 'ASK_LIST', 'when compressor motor of chiller <NUM> at main site <SITE>, what is the temporal behavior of the power input?')",aggressive_template_collapse_v1
135,multiagent,Chiller,Knowledge Query,retrospective,"When power input of Chiller 6 at MAIN site drops, what is the potential failure that causes it?","when power input of chiller 6 at main site drops, what is the potential failure that causes it?","the answer should contain one or more failure modes of Chiller 6. The failure modes of Chiller 6 need to be from the list ['Compressor Overheating: Failed due to Normal wear, overheating', 'Heat Exchangers: Fans: Degraded motor or worn bearing due to Normal use', 'Evaporator Water side fouling', 'Condenser Water side fouling', 'Condenser Improper water side flow rate', 'Purge Unit Excessive purge', 'Refrigerant Operated Control Valve Failed spring']",Source: Multi-agent coordination requirements; Non-deterministic query allowing multiple valid responses; Category: Knowledge Query,[138],1,1,"['When power input of Chiller 6 at MAIN site drops, what is the potential failure that causes it?']","[""the answer should contain one or more failure modes of Chiller 6. The failure modes of Chiller 6 need to be from the list ['Compressor Overheating: Failed due to Normal wear, overheating', 'Heat Exchangers: Fans: Degraded motor or worn bearing due to Normal use', 'Evaporator Water side fouling', 'Condenser Water side fouling', 'Condenser Improper water side flow rate', 'Purge Unit Excessive purge', 'Refrigerant Operated Control Valve Failed spring']""]",['Source: Multi-agent coordination requirements; Non-deterministic query allowing multiple valid responses; Category: Knowledge Query'],ASK_LIST,False,"('multiagent', 'Chiller', 'Knowledge Query', 'retrospective', 'ASK_LIST', 'when power input of chiller <NUM> at main site <SITE>, what is the potential failure that causes it?')",aggressive_template_collapse_v1
136,multiagent,Chiller,Knowledge Query,retrospective,"When the Liquid Refrigerant Evaporator Temperature of Chiller 6 at MAIN site drops, what failure is most likely to occur?","when the liquid refrigerant evaporator temperature of chiller 6 at main site drops, what failure is most likely to occur?","the answer should contain one or more failure modes of Chiller 6. The failure modes of Chiller 6 need to be from the list ['Compressor Overheating: Failed due to Normal wear, overheating', 'Heat Exchangers: Fans: Degraded motor or worn bearing due to Normal use', 'Evaporator Water side fouling', 'Condenser Water side fouling', 'Condenser Improper water side flow rate', 'Purge Unit Excessive purge', 'Refrigerant Operated Control Valve Failed spring']",Source: Multi-agent coordination requirements; Non-deterministic query allowing multiple valid responses; Category: Knowledge Query,[139],1,1,"['When the Liquid Refrigerant Evaporator Temperature of Chiller 6 at MAIN site drops, what failure is most likely to occur?']","[""the answer should contain one or more failure modes of Chiller 6. The failure modes of Chiller 6 need to be from the list ['Compressor Overheating: Failed due to Normal wear, overheating', 'Heat Exchangers: Fans: Degraded motor or worn bearing due to Normal use', 'Evaporator Water side fouling', 'Condenser Water side fouling', 'Condenser Improper water side flow rate', 'Purge Unit Excessive purge', 'Refrigerant Operated Control Valve Failed spring']""]",['Source: Multi-agent coordination requirements; Non-deterministic query allowing multiple valid responses; Category: Knowledge Query'],ASK_LIST,False,"('multiagent', 'Chiller', 'Knowledge Query', 'retrospective', 'ASK_LIST', 'when the liquid refrigerant evaporator temperature of chiller <NUM> at main site <SITE>, what failure is most likely to occur?')",aggressive_template_collapse_v1
137,multiagent,Chiller,Knowledge Query,retrospective,Are there any anomalies detected in Chiller 9's Tonnage in the week of 2020-04-27 at the MAIN site?,are there any anomalies detected in chiller 9's tonnage in the week of <date> at the <site> site?,The expected response should confirm the successful execution of all required actions to address the task of anomaly detection for Chiller 9's Tonnage sensor at the MAIN site during the week of 2020-04-27. It should specify that the agent first retrieved the asset history data for Chiller 9's Tonnage sensor for the specified time range. The agent then used TSFMAgent to analyze the data for anomalies and provided a detailed description of the dataset. Anomaly are detected for this query.,Source: Multi-agent coordination requirements; Deterministic query with single correct answer; Category: Knowledge Query,[120],1,1,"[""Are there any anomalies detected in Chiller 9's Tonnage in the week of 2020-04-27 at the MAIN site?""]","[""The expected response should confirm the successful execution of all required actions to address the task of anomaly detection for Chiller 9's Tonnage sensor at the MAIN site during the week of 2020-04-27. It should specify that the agent first retrieved the asset history data for Chiller 9's Tonnage sensor for the specified time range. The agent then used TSFMAgent to analyze the data for anomalies and provided a detailed description of the dataset. Anomaly are detected for this query.""]",['Source: Multi-agent coordination requirements; Deterministic query with single correct answer; Category: Knowledge Query'],ASK_OTHER,False,"('multiagent', 'Chiller', 'Knowledge Query', 'retrospective', 'ASK_OTHER', ""are there any anomalies detected in chiller <NUM>'s tonnage in the week of <date> at the <site> site?"")",aggressive_template_collapse_v1
138,multiagent,Chiller,Knowledge Query,retrospective,Get failure modes for Chiller 6 at MAIN site and only include in final response those that can be monitored using the available sensors.,get failure modes for chiller 6 at main site and only include in final response those that can be monitored using the available sensors.,"the answer should contain one or more failure modes of Chiller 6. The failure modes of Chiller 6 need to be from the list ['Compressor Overheating: Failed due to Normal wear, overheating', 'Heat Exchangers: Fans: Degraded motor or worn bearing due to Normal use', 'Evaporator Water side fouling', 'Condenser Water side fouling', 'Condenser Improper water side flow rate', 'Purge Unit Excessive purge', 'Refrigerant Operated Control Valve Failed spring']",Source: Multi-agent coordination requirements; Non-deterministic query allowing multiple valid responses; Category: Knowledge Query,[128],1,1,['Get failure modes for Chiller 6 at MAIN site and only include in final response those that can be monitored using the available sensors.'],"[""the answer should contain one or more failure modes of Chiller 6. The failure modes of Chiller 6 need to be from the list ['Compressor Overheating: Failed due to Normal wear, overheating', 'Heat Exchangers: Fans: Degraded motor or worn bearing due to Normal use', 'Evaporator Water side fouling', 'Condenser Water side fouling', 'Condenser Improper water side flow rate', 'Purge Unit Excessive purge', 'Refrigerant Operated Control Valve Failed spring']""]",['Source: Multi-agent coordination requirements; Non-deterministic query allowing multiple valid responses; Category: Knowledge Query'],ASK_OTHER,False,"('multiagent', 'Chiller', 'Knowledge Query', 'retrospective', 'ASK_OTHER', 'get failure modes for chiller <NUM> at main site <SITE> only include in final response those that can be monitored using the available sensors.')",aggressive_template_collapse_v1
139,multiagent,Chiller,Knowledge Query,retrospective,Have there been any anomalies in Chiller 6's performance metrics from the week of 2020-04-27 at MAIN?,have there been any anomalies in chiller 6's performance metrics from the week of <date> at main?,"The expected response should confirm the successful execution of all required actions, ensuring that the correct asset ('Chiller 6'), location (MAIN), and time range (week of 2020-04-27) were used for data retrieval and analysis. It should specify that the agent successfully retrieved the Chiller 6 Tonnage sensor data for the specified time range and location. The response must confirm that the agent called TSFMAgent to perform anomaly detection on the data and that the results were saved correctly. Additionally, it should explicitly mention that there were anomalies detected in the Chiller 6 Tonnage data during the specified week.",Source: Multi-agent coordination requirements; Deterministic query with single correct answer; Category: Knowledge Query,[112],1,1,"[""Have there been any anomalies in Chiller 6's performance metrics from the week of 2020-04-27 at MAIN?""]","[""The expected response should confirm the successful execution of all required actions, ensuring that the correct asset ('Chiller 6'), location (MAIN), and time range (week of 2020-04-27) were used for data retrieval and analysis. It should specify that the agent successfully retrieved the Chiller 6 Tonnage sensor data for the specified time range and location. The response must confirm that the agent called TSFMAgent to perform anomaly detection on the data and that the results were saved correctly. Additionally, it should explicitly mention that there were anomalies detected in the Chiller 6 Tonnage data during the specified week.""]",['Source: Multi-agent coordination requirements; Deterministic query with single correct answer; Category: Knowledge Query'],ASK_OTHER,False,"('multiagent', 'Chiller', 'Knowledge Query', 'retrospective', 'ASK_OTHER', ""have there been any anomalies in chiller <NUM>'s performance metrics from the week of <date> at main?"")",aggressive_template_collapse_v1
140,multiagent,Chiller,Knowledge Query,retrospective,Have there been any anomalies in Chiller 6's Tonnage in the week of 2020-04-27 at MAIN?,have there been any anomalies in chiller 6's tonnage in the week of <date> at main?,"The expected response should confirm the successful execution of all required actions, ensuring that the correct variables, including the asset ('Chiller 6'), location (MAIN), and time range (week of 2020-04-27), were used for data retrieval and analysis. It should specify that the agent called IoTAgent to request and download the Chiller 6 Tonnage data for the specified week, and that the data was stored correctly. The response must also confirm that TSFMAgent was used to analyze the data for anomalies, and that the analysis results were saved in a separate file. Additionally, it should confirm that the dataset contained mote than 400 records and that around 20 anomalies were detected. Finally, the response must be clear, justified, and free from hallucinations, ensuring that all actions were executed accurately and anomalies in Chiller 6's Tonnage during the specified timeframe at MAIN were detected as expected.",Source: Multi-agent coordination requirements; Deterministic query with single correct answer; Category: Knowledge Query,[107],1,1,"[""Have there been any anomalies in Chiller 6's Tonnage in the week of 2020-04-27 at MAIN?""]","[""The expected response should confirm the successful execution of all required actions, ensuring that the correct variables, including the asset ('Chiller 6'), location (MAIN), and time range (week of 2020-04-27), were used for data retrieval and analysis. It should specify that the agent called IoTAgent to request and download the Chiller 6 Tonnage data for the specified week, and that the data was stored correctly. The response must also confirm that TSFMAgent was used to analyze the data for anomalies, and that the analysis results were saved in a separate file. Additionally, it should confirm that the dataset contained mote than 400 records and that around 20 anomalies were detected. Finally, the response must be clear, justified, and free from hallucinations, ensuring that all actions were executed accurately and anomalies in Chiller 6's Tonnage during the specified timeframe at MAIN were detected as expected.""]",['Source: Multi-agent coordination requirements; Deterministic query with single correct answer; Category: Knowledge Query'],ASK_OTHER,False,"('multiagent', 'Chiller', 'Knowledge Query', 'retrospective', 'ASK_OTHER', ""have there been any anomalies in chiller <NUM>'s tonnage in the week of <date> at main?"")",aggressive_template_collapse_v1
141,multiagent,Chiller,Knowledge Query,retrospective;predictive,"Can you check if there are any anomalies for chiller tonnage, and do you think I should create a work order after reviewing the anomalies?","can you check if there are any anomalies for chiller tonnage, and do you think i should create a work order after reviewing the anomalies?","The process involves retrieving IoT sensor data, performing time-series anomaly detection, and using maintenance reasoning to decide whether a work order should be created.",Source: Multi-agent coordination requirements; Non-deterministic query allowing multiple valid responses; Category: Knowledge Query,[141],1,1,"['Can you check if there are any anomalies for chiller tonnage, and do you think I should create a work order after reviewing the anomalies?']","['The process involves retrieving IoT sensor data, performing time-series anomaly detection, and using maintenance reasoning to decide whether a work order should be created.']",['Source: Multi-agent coordination requirements; Non-deterministic query allowing multiple valid responses; Category: Knowledge Query'],ASK_CREATE+ASK_WORKORDER,False,"('multiagent', 'Chiller', 'Knowledge Query', 'retrospective;predictive', 'ASK_CREATE+ASK_WORKORDER', 'can you check if there are any anomalies for chiller tonnage, and do you think i should create a work order after reviewing the anomalies?')",aggressive_template_collapse_v1
142,multiagent,Equipment,Knowledge Query,retrospective;predictive,"Here is an output of anomaly model in file with absolute path '/tmp/tsad_conformal.csv', can you check if there are any anomalies, and do you think I should create a work order after reviewing the anomalies?","here is an output of anomaly model in file with absolute path '/tmp/tsad_conformal.csv', can you check if there are any anomalies, and do you think i should create a work order after reviewing the anomalies?","The problem is solved by first checking if the anomaly file exists, then running anomaly detection if the data is available, and finally deciding whether a work order should be created based on the results.",Source: Multi-agent coordination requirements; Non-deterministic query allowing multiple valid responses; Category: Knowledge Query,[142],1,1,"[""Here is an output of anomaly model in file with absolute path '/tmp/tsad_conformal.csv', can you check if there are any anomalies, and do you think I should create a work order after reviewing the anomalies?""]","['The problem is solved by first checking if the anomaly file exists, then running anomaly detection if the data is available, and finally deciding whether a work order should be created based on the results.']",['Source: Multi-agent coordination requirements; Non-deterministic query allowing multiple valid responses; Category: Knowledge Query'],ASK_CREATE+ASK_WORKORDER,False,"('multiagent', 'Equipment', 'Knowledge Query', 'retrospective;predictive', 'ASK_CREATE+ASK_WORKORDER', ""here is an output of anomaly model in file with absolute path '/tmp/tsad_conformal.csv', can you check if there are any anomalies, and do you think i should create a work order after reviewing the anomalies?"")",aggressive_template_collapse_v1
